product_code,source_prefix,current_brand,suspected_brand,product_name,duplicate_group_size,duplicate_brand_count,duplicate_brands,confidence,note
ulta_06b9b3f9d2dfff,ulta,FARMACY,,1% Vitamin A Retinol Serum,2,2,FARMACY; Farmacy,0.55,same product_name appears under multiple brands; brands=FARMACY; Farmacy
sephora_0d708ca5038f19,sephora,Farmacy,,1% Vitamin A Retinol Serum,2,2,FARMACY; Farmacy,0.55,same product_name appears under multiple brands; brands=FARMACY; Farmacy
ulta_f7333792699098,ulta,FARMACY,,10% Waterless Vitamin C Serum,2,2,FARMACY; Farmacy,0.55,same product_name appears under multiple brands; brands=FARMACY; Farmacy
sephora_8121e82bbc0456,sephora,Farmacy,,10% Waterless Vitamin C Serum,2,2,FARMACY; Farmacy,0.55,same product_name appears under multiple brands; brands=FARMACY; Farmacy
cultbeauty_f851b7e507922b,cultbeauty,Hourglass,,AMELIORATE Clarifying Facial Cream 100ml,2,2,Hourglass; The Ordinary,0.55,same product_name appears under multiple brands; brands=Hourglass; The Ordinary
lookfantastic_f71decaf035785,lookfantastic,The Ordinary,,AMELIORATE Clarifying Facial Cream 100ml,2,2,Hourglass; The Ordinary,0.55,same product_name appears under multiple brands; brands=Hourglass; The Ordinary
lookfantastic_9db55530148d1c,lookfantastic,La Roche-Posay,,AMELIORATE Clarifying Facial Toner 200ml,2,2,La Roche-Posay; Paula's Choice,0.55,same product_name appears under multiple brands; brands=La Roche-Posay; Paula's Choice
cultbeauty_7580229c257811,cultbeauty,Paula's Choice,,AMELIORATE Clarifying Facial Toner 200ml,2,2,La Roche-Posay; Paula's Choice,0.55,same product_name appears under multiple brands; brands=La Roche-Posay; Paula's Choice
cultbeauty_66b1323fcf4d1d,cultbeauty,Paula's Choice,,AMELIORATE Transforming Facial Concentrate Toner 200ml,2,2,Paula's Choice; The Ordinary,0.55,same product_name appears under multiple brands; brands=Paula's Choice; The Ordinary
lookfantastic_97ad889d835948,lookfantastic,The Ordinary,,AMELIORATE Transforming Facial Concentrate Toner 200ml,2,2,Paula's Choice; The Ordinary,0.55,same product_name appears under multiple brands; brands=Paula's Choice; The Ordinary
cultbeauty_e0a37f53a9e9ed,cultbeauty,LANEIGE,,AMELIORATE Transforming Facial Cream 100ml,2,2,LANEIGE; La Roche-Posay,0.55,same product_name appears under multiple brands; brands=LANEIGE; La Roche-Posay
lookfantastic_c61f0b47ff00bb,lookfantastic,La Roche-Posay,,AMELIORATE Transforming Facial Cream 100ml,2,2,LANEIGE; La Roche-Posay,0.55,same product_name appears under multiple brands; brands=LANEIGE; La Roche-Posay
ulta_db4ffd8fd5b954,ulta,SUNDAY RILEY,,B3 Nice 10% Niacinamide Serum,2,2,SUNDAY RILEY; Sunday Riley,0.55,same product_name appears under multiple brands; brands=SUNDAY RILEY; Sunday Riley
sephora_b4a256d839f40a,sephora,Sunday Riley,,B3 Nice 10% Niacinamide Serum,2,2,SUNDAY RILEY; Sunday Riley,0.55,same product_name appears under multiple brands; brands=SUNDAY RILEY; Sunday Riley
ulta_14fc2000dc4997,ulta,Madeca Derma,,Brightening Serum,2,2,Madeca Derma; Veea Face,0.55,same product_name appears under multiple brands; brands=Madeca Derma; Veea Face
ulta_396783441ea81e,ulta,Veea Face,,Brightening Serum,2,2,Madeca Derma; Veea Face,0.55,same product_name appears under multiple brands; brands=Madeca Derma; Veea Face
ulta_f8b4bc466ff8f7,ulta,American Crew,,Cream Pomade,2,2,American Crew; Baxter of California,0.55,same product_name appears under multiple brands; brands=American Crew; Baxter of California
ulta_34911e6c75f179,ulta,Baxter of California,,Cream Pomade,2,2,American Crew; Baxter of California,0.55,same product_name appears under multiple brands; brands=American Crew; Baxter of California
lookfantastic_524d85b15fc032,lookfantastic,Garnier,,FaceGym Active Collagen Wonder Serum with Phyto-Retinol and Hyaluronic Acid 30ml,2,2,Garnier; HUDA BEAUTY,0.55,same product_name appears under multiple brands; brands=Garnier; HUDA BEAUTY
cultbeauty_65ea0458fc82de,cultbeauty,HUDA BEAUTY,,FaceGym Active Collagen Wonder Serum with Phyto-Retinol and Hyaluronic Acid 30ml,2,2,Garnier; HUDA BEAUTY,0.55,same product_name appears under multiple brands; brands=Garnier; HUDA BEAUTY
lookfantastic_39e6e72fe73d8d,lookfantastic,Joico,,FaceGym Face Coach Lifting Q10 and Mastic Tree Enzymatically-Activated Face Oil 30ml,2,2,Joico; The Ordinary,0.55,same product_name appears under multiple brands; brands=Joico; The Ordinary
cultbeauty_60a564ca0d3217,cultbeauty,The Ordinary,,FaceGym Face Coach Lifting Q10 and Mastic Tree Enzymatically-Activated Face Oil 30ml,2,2,Joico; The Ordinary,0.55,same product_name appears under multiple brands; brands=Joico; The Ordinary
cultbeauty_8dffb56879e336,cultbeauty,Aesop,,FaceGym Hydro-Bound Hydrating Hyaluronic Acid and Niacinamide Serum 30ml,2,2,Aesop; Emma Hardie,0.55,same product_name appears under multiple brands; brands=Aesop; Emma Hardie
lookfantastic_c45869540bd26c,lookfantastic,Emma Hardie,,FaceGym Hydro-Bound Hydrating Hyaluronic Acid and Niacinamide Serum 30ml,2,2,Aesop; Emma Hardie,0.55,same product_name appears under multiple brands; brands=Aesop; Emma Hardie
cultbeauty_d73f5cfa583a99,cultbeauty,HUDA BEAUTY,,FaceGym Liftwear Lift and Brighten Vitamin C and Bioferment Gel-Cream 50ml,2,2,HUDA BEAUTY; RapidLash,0.55,same product_name appears under multiple brands; brands=HUDA BEAUTY; RapidLash
lookfantastic_b6897ad00c0fe3,lookfantastic,RapidLash,,FaceGym Liftwear Lift and Brighten Vitamin C and Bioferment Gel-Cream 50ml,2,2,HUDA BEAUTY; RapidLash,0.55,same product_name appears under multiple brands; brands=HUDA BEAUTY; RapidLash
ulta_5bfb5dca2a5145,ulta,FARMACY,,Filling Good Hyaluronic Acid Plumping Serum,2,2,FARMACY; Farmacy,0.55,same product_name appears under multiple brands; brands=FARMACY; Farmacy
sephora_57bebf03aabe24,sephora,Farmacy,,Filling Good Hyaluronic Acid Plumping Serum,2,2,FARMACY; Farmacy,0.55,same product_name appears under multiple brands; brands=FARMACY; Farmacy
ulta_8f2ddb7c6b8d05,ulta,American Crew,,Grooming Cream,2,2,American Crew; Baxter of California,0.55,same product_name appears under multiple brands; brands=American Crew; Baxter of California
ulta_d3ac35c9a70b8c,ulta,Baxter of California,,Grooming Cream,2,2,American Crew; Baxter of California,0.55,same product_name appears under multiple brands; brands=American Crew; Baxter of California
cultbeauty_fc40f846263e43,cultbeauty,Medik8,,High Potency Triple Retinol Renewal Serum,2,2,Medik8; Perricone MD,0.55,same product_name appears under multiple brands; brands=Medik8; Perricone MD
ulta_084a36d2b47169,ulta,Perricone MD,,High Potency Triple Retinol Renewal Serum,2,2,Medik8; Perricone MD,0.55,same product_name appears under multiple brands; brands=Medik8; Perricone MD
ulta_c71d04e6a4d3b6,ulta,Anthony,,Hyaluronic Acid Serum,2,2,Anthony; DIME,0.55,same product_name appears under multiple brands; brands=Anthony; DIME
ulta_4463edb64fe8d4,ulta,DIME,,Hyaluronic Acid Serum,2,2,Anthony; DIME,0.55,same product_name appears under multiple brands; brands=Anthony; DIME
lookfantastic_2b171abff08e63,lookfantastic,Kiehl's Since 1851,,Kiehl's Powerful-Strength Line-Reducing Concentrate (Various Sizes),2,2,Kiehl's Since 1851; Paula's Choice,0.55,same product_name appears under multiple brands; brands=Kiehl's Since 1851; Paula's Choice
cultbeauty_2baa073a30aee9,cultbeauty,Paula's Choice,,Kiehl's Powerful-Strength Line-Reducing Concentrate (Various Sizes),2,2,Kiehl's Since 1851; Paula's Choice,0.55,same product_name appears under multiple brands; brands=Kiehl's Since 1851; Paula's Choice
lookfantastic_0aab445c1f7b36,lookfantastic,Medik8,,Kiehl's Retinol Skin-Renewing Daily Micro-Dose Serum (Various Sizes),2,2,Medik8; Paula's Choice,0.55,same product_name appears under multiple brands; brands=Medik8; Paula's Choice
cultbeauty_6bb088b34379ac,cultbeauty,Paula's Choice,,Kiehl's Retinol Skin-Renewing Daily Micro-Dose Serum (Various Sizes),2,2,Medik8; Paula's Choice,0.55,same product_name appears under multiple brands; brands=Medik8; Paula's Choice
cultbeauty_5111c198f9eba9,cultbeauty,HUDA BEAUTY,,Living Proof Style Refresh Mist 50ml,2,2,HUDA BEAUTY; Medik8,0.55,same product_name appears under multiple brands; brands=HUDA BEAUTY; Medik8
lookfantastic_9318ff7aff4b68,lookfantastic,Medik8,,Living Proof Style Refresh Mist 50ml,2,2,HUDA BEAUTY; Medik8,0.55,same product_name appears under multiple brands; brands=HUDA BEAUTY; Medik8
ulta_ebd0d30e1c4e38,ulta,American Crew,,Moisturizing Shave Cream,2,2,American Crew; Fur,0.55,same product_name appears under multiple brands; brands=American Crew; Fur
ulta_1f9c53ece0eded,ulta,Fur,,Moisturizing Shave Cream,2,2,American Crew; Fur,0.55,same product_name appears under multiple brands; brands=American Crew; Fur
cultbeauty_77a8c31bc2f1f1,cultbeauty,Aesop,,OUAI Hand Lotion 437ml,2,2,Aesop; ESPA,0.55,same product_name appears under multiple brands; brands=Aesop; ESPA
lookfantastic_cf19c2d309be1d,lookfantastic,ESPA,,OUAI Hand Lotion 437ml,2,2,Aesop; ESPA,0.55,same product_name appears under multiple brands; brands=Aesop; ESPA
ulta_14cd850e5b6143,ulta,Baxter of California,,Oil Free Moisturizer,2,2,Baxter of California; Kate Somerville,0.55,same product_name appears under multiple brands; brands=Baxter of California; Kate Somerville
ulta_89e153ab4080d8,ulta,Kate Somerville,,Oil Free Moisturizer,2,2,Baxter of California; Kate Somerville,0.55,same product_name appears under multiple brands; brands=Baxter of California; Kate Somerville
sephora_b39d28070726e7,sephora,Elemis,,Pro Collagen Toning Mist,2,2,ELEMIS; Elemis,0.55,same product_name appears under multiple brands; brands=ELEMIS; Elemis
ulta_09b88ea3a06d5d,ulta,ELEMIS,,Pro-Collagen Toning Mist,2,2,ELEMIS; Elemis,0.55,same product_name appears under multiple brands; brands=ELEMIS; Elemis
ulta_0ff53eabf9523e,ulta,Saint Jane,,Rich Rescue Phyto Mucin Cream,2,2,Saint Jane; Saint Jane Beauty,0.55,same product_name appears under multiple brands; brands=Saint Jane; Saint Jane Beauty
sephora_aed9a97f2845a5,sephora,Saint Jane Beauty,,Rich Rescue Phyto Mucin Cream,2,2,Saint Jane; Saint Jane Beauty,0.55,same product_name appears under multiple brands; brands=Saint Jane; Saint Jane Beauty
ulta_742be283a286bd,ulta,SUNDAY RILEY,,TIDAL Deep Hydration & Plumping Serum,2,2,SUNDAY RILEY; Sunday Riley,0.55,same product_name appears under multiple brands; brands=SUNDAY RILEY; Sunday Riley
ulta_80f2d38f206688,ulta,TATCHA,,The Essence Skincare Boosting Treatment,2,2,TATCHA; Tatcha,0.55,same product_name appears under multiple brands; brands=TATCHA; Tatcha
sephora_6a0eeb3ccc14e9,sephora,Tatcha,,The Essence Skincare Boosting Treatment,2,2,TATCHA; Tatcha,0.55,same product_name appears under multiple brands; brands=TATCHA; Tatcha
ulta_2ec3f2866b4432,ulta,TATCHA,,The Serum Stick Line-Smoothing Treatment & Touch Up Balm,2,2,TATCHA; Tatcha,0.55,same product_name appears under multiple brands; brands=TATCHA; Tatcha
sephora_841ecf1beb8b14,sephora,Tatcha,,The Serum Stick Line-Smoothing Treatment & Touch Up Balm,2,2,TATCHA; Tatcha,0.55,same product_name appears under multiple brands; brands=TATCHA; Tatcha
sephora_d3b673ddf4fb39,sephora,Sunday Riley,,Tidal Deep Hydration and Plumping Serum,2,2,SUNDAY RILEY; Sunday Riley,0.55,same product_name appears under multiple brands; brands=SUNDAY RILEY; Sunday Riley
ulta_282088891ae774,ulta,BOBBI BROWN,,Vitamin Enriched Eye Base Primer & Moisturizer with Hyaluronic Acid,2,2,BOBBI BROWN; Bobbi Brown,0.55,same product_name appears under multiple brands; brands=BOBBI BROWN; Bobbi Brown
sephora_15f814b8708774,sephora,Bobbi Brown,,Vitamin Enriched Eye Base Primer & Moisturizer with Hyaluronic Acid,2,2,BOBBI BROWN; Bobbi Brown,0.55,same product_name appears under multiple brands; brands=BOBBI BROWN; Bobbi Brown
ulta_526a99c83b269b,ulta,BOBBI BROWN,,Vitamin Enriched Smoothing Serum with Niacinamide + Vitamin C,2,2,BOBBI BROWN; Bobbi Brown,0.55,same product_name appears under multiple brands; brands=BOBBI BROWN; Bobbi Brown
sephora_5693f8a49e151b,sephora,Bobbi Brown,,Vitamin Enriched Smoothing Serum with Niacinamide + Vitamin C,2,2,BOBBI BROWN; Bobbi Brown,0.55,same product_name appears under multiple brands; brands=BOBBI BROWN; Bobbi Brown
