after_stage,avg_after_ms,avg_before_ms,avg_reduction_ms,avg_reduction_pct,before_stage,component,component_label,optimization,p95_after_ms,p95_before_ms,p95_reduction_ms,p95_reduction_pct
opt1-es-retrieval,39.86,114.25,74.39,65.11159737417942,baseline-v1,user_context_load_ms,User profile,Opt1,111.96,368.58,256.62,69.62396223343643
opt1-es-retrieval,92.41,278.98,186.57000000000002,66.87576170334792,baseline-v1,skin_test_context_load_ms,Skin test,Opt1,339.81,920.08,580.27,63.06734197026345
opt1-es-retrieval,477.92,1167.47,689.55,59.06361619570524,baseline-v1,behavior_context_load_ms,Behavior context,Opt1,1015.98,2201.65,1185.67,53.853700633615695
opt1-es-retrieval,1039.43,21932.32,20892.89,95.26073849004574,baseline-v1,intent_parse_ms,Intent parse,Opt1,2486.43,35250.7,32764.269999999997,92.9464379430763
opt1-es-retrieval,160.41,278.33,117.91999999999999,42.36697445478389,baseline-v1,run_save_ms,Run save,Opt1,461.37,812.39,351.02,43.20831127906547
opt1-es-retrieval,871.29,2182.72,1311.4299999999998,60.082374285295415,baseline-v1,candidate_pool_ms,Candidate retrieval,Opt1,1778.51,3800.41,2021.8999999999999,53.20215450438241
opt1-es-retrieval,203.96,403.89,199.92999999999998,49.50110178513951,baseline-v1,search_match_ms,Search match,Opt1,621.13,1129.12,507.9899999999999,44.98990364177412
opt1-es-retrieval,417.45,759.95,342.50000000000006,45.0687545233239,baseline-v1,search_candidate_save_ms,Candidate save,Opt1,1007.3,2024.71,1017.4100000000001,50.24966538417848
opt1-es-retrieval,3699.74,6969.28,3269.54,46.9135979613389,baseline-v1,scoring_ms,Personalized scoring,Opt1,6560.77,14105.42,7544.65,53.487595548377854
opt1-es-retrieval,303.33,517.25,213.92000000000002,41.357177380376996,baseline-v1,result_save_ms,Result save,Opt1,697.53,1130.2,432.6700000000001,38.28260484869935
opt1-es-retrieval,46.7,94.02,47.31999999999999,50.329717081472026,baseline-v1,commit_ms,Commit,Opt1,219.16,424.01,204.85,48.312539798589654
opt1-es-retrieval,518.67,1117.08,598.41,53.569126651627464,baseline-v1,response_load_ms,Response load,Opt1,1024.97,2468.58,1443.61,58.479368705895695
opt2-precomputed-features,31.47,39.86,8.39,21.048670346211743,opt1-es-retrieval,user_context_load_ms,User profile,Opt2,87.89,111.96,24.069999999999993,21.498749553411926
opt2-precomputed-features,68.3,92.41,24.11,26.09024997294665,opt1-es-retrieval,skin_test_context_load_ms,Skin test,Opt2,219.39,339.81,120.42000000000002,35.437450339895825
opt2-precomputed-features,43.59,477.92,434.33000000000004,90.87922664881151,opt1-es-retrieval,behavior_context_load_ms,Behavior context,Opt2,126.35,1015.98,889.63,87.56373156951909
opt2-precomputed-features,822.92,1039.43,216.5100000000001,20.829685500707125,opt1-es-retrieval,intent_parse_ms,Intent parse,Opt2,1797.23,2486.43,689.1999999999998,27.718455777962774
opt2-precomputed-features,128.21,160.41,32.19999999999999,20.07356149865968,opt1-es-retrieval,run_save_ms,Run save,Opt2,387.77,461.37,73.60000000000002,15.952489325270394
opt2-precomputed-features,737.33,871.29,133.95999999999992,15.374903878157667,opt1-es-retrieval,candidate_pool_ms,Candidate retrieval,Opt2,1342.22,1778.51,436.28999999999996,24.53120870841322
opt2-precomputed-features,168.86,203.96,35.099999999999994,17.209256717003328,opt1-es-retrieval,search_match_ms,Search match,Opt2,413.36,621.13,207.76999999999998,33.45032440873891
opt2-precomputed-features,377.02,417.45,40.43000000000001,9.684992214636486,opt1-es-retrieval,search_candidate_save_ms,Candidate save,Opt2,717.98,1007.3,289.31999999999994,28.72232701280651
opt2-precomputed-features,2016.55,3699.74,1683.1899999999998,45.494818554817364,opt1-es-retrieval,scoring_ms,Personalized scoring,Opt2,3161.11,6560.77,3399.6600000000003,51.81800306976163
opt2-precomputed-features,251.68,303.33,51.64999999999998,17.02765964461147,opt1-es-retrieval,result_save_ms,Result save,Opt2,514.62,697.53,182.90999999999997,26.222528063309102
opt2-precomputed-features,37.7,46.7,9.0,19.271948608137045,opt1-es-retrieval,commit_ms,Commit,Opt2,111.27,219.16,107.89,49.22887388209528
opt2-precomputed-features,458.99,518.67,59.67999999999995,11.506352786935809,opt1-es-retrieval,response_load_ms,Response load,Opt2,812.73,1024.97,212.24,20.70694752041523
opt3-bulk-prefetch,39.46,31.47,-7.990000000000002,-25.389259612329205,opt2-precomputed-features,user_context_load_ms,User profile,Opt3,127.94,87.89,-40.05,-45.5683240414154
opt3-bulk-prefetch,81.04,68.3,-12.740000000000009,-18.653001464128856,opt2-precomputed-features,skin_test_context_load_ms,Skin test,Opt3,270.2,219.39,-50.81,-23.15966999407448
opt3-bulk-prefetch,54.17,43.59,-10.579999999999998,-24.27162193163569,opt2-precomputed-features,behavior_context_load_ms,Behavior context,Opt3,189.64,126.35,-63.28999999999999,-50.09101701622477
opt3-bulk-prefetch,802.82,822.92,20.09999999999991,2.442521751810615,opt2-precomputed-features,intent_parse_ms,Intent parse,Opt3,1756.65,1797.23,40.57999999999993,2.257919131107311
opt3-bulk-prefetch,134.57,128.21,-6.359999999999985,-4.960611496763112,opt2-precomputed-features,run_save_ms,Run save,Opt3,375.4,387.77,12.370000000000005,3.1900353302215247
opt3-bulk-prefetch,777.96,737.33,-40.629999999999995,-5.510422741513297,opt2-precomputed-features,candidate_pool_ms,Candidate retrieval,Opt3,1328.82,1342.22,13.400000000000091,0.9983460237517018
opt3-bulk-prefetch,182.32,168.86,-13.45999999999998,-7.971100319791531,opt2-precomputed-features,search_match_ms,Search match,Opt3,429.39,413.36,-16.029999999999973,-3.8779756144764788
opt3-bulk-prefetch,394.97,377.02,-17.950000000000045,-4.761020635510064,opt2-precomputed-features,search_candidate_save_ms,Candidate save,Opt3,723.24,717.98,-5.259999999999991,-0.732610936237777
opt3-bulk-prefetch,1654.98,2016.55,361.56999999999994,17.930128189234086,opt2-precomputed-features,scoring_ms,Personalized scoring,Opt3,2715.34,3161.11,445.77,14.101692127132557
opt3-bulk-prefetch,264.48,251.68,-12.800000000000011,-5.085823267641453,opt2-precomputed-features,result_save_ms,Result save,Opt3,547.46,514.62,-32.84000000000003,-6.381407640589179
opt3-bulk-prefetch,41.83,37.7,-4.1299999999999955,-10.954907161803701,opt2-precomputed-features,commit_ms,Commit,Opt3,129.64,111.27,-18.36999999999999,-16.509391570054813
opt3-bulk-prefetch,471.61,458.99,-12.620000000000005,-2.7495152399834426,opt2-precomputed-features,response_load_ms,Response load,Opt3,873.21,812.73,-60.48000000000002,-7.441585766490719
