"ingredient_id","effect_id","evidence_level","evidence_score","source_title","source_url","summary","source_type","pmid","doi","source_authority_score"
"niacinamide","effect_brightening","high","95","식품의약품안전처 고시 및 관련 근거 자료","https://pubmed.ncbi.nlm.nih.gov/12100180/","나이아신아마이드는 피부 톤과 색소 고민 관리에 도움을 줄 수 있는 성분으로, 공개 근거에서는 멜라노솜을 통해 각질세포 이동 차단 내용이 확인됩니다.","paper","12100180","","0.9"
"niacinamide","effect_moisture_barrier","high","85","성분 기능 공개 문헌 검토 자료","","나이아신아마이드는 피부 수분 유지와 장벽 보완에 도움을 줄 수 있는 성분으로, 공개 근거에서는 장벽지질 합성 촉진 내용이 확인됩니다.","unknown","","","0.9"
"niacinamide","effect_acne_sebum","high","70","PubMed 등재 연구 자료 (PMID 16766489)","https://pubmed.ncbi.nlm.nih.gov/16766489/","나이아신아마이드는 피지와 여드름성 피부 고민 관리에 도움을 줄 수 있는 성분으로, 공개 근거에서는 피지분비 감소 내용이 확인됩니다.","paper","16766489","","0.7"
"niacinamide","effect_wrinkle","high","70","PubMed 등재 연구 자료 (PMID 18492135)","https://pubmed.ncbi.nlm.nih.gov/18492135/","나이아신아마이드는 피부 결, 탄력, 잔주름 관리에 도움을 줄 수 있는 성분으로, 공개 근거에서는 콜라겐·잔주름 개선 내용이 확인됩니다.","paper","18492135","","0.7"
"niacinamide","effect_calming","medium","60","PubMed 등재 연구 자료 (PMID 18492135)","https://pubmed.ncbi.nlm.nih.gov/18492135/","나이아신아마이드는 민감한 피부의 진정 관리에 도움을 줄 수 있는 성분으로, 공개 근거에서는 홍조 개선 내용이 확인됩니다.","paper","18492135","","0.7"
"salicylic_acid_bha","effect_acne_sebum","high","78","식품의약품안전처 고시 및 관련 근거 자료","https://pubmed.ncbi.nlm.nih.gov/32356369/","살리실산/BHA는 피지와 여드름성 피부 고민 관리에 도움을 줄 수 있는 성분으로, 공개 근거에서는 지용성·모공 침투, 면포·피지 용해 내용이 확인됩니다.","paper","32356369","","0.7"
"salicylic_acid_bha","effect_exfoliation","high","76","식품의약품안전처 고시 및 관련 근거 자료","https://www.mfds.go.kr/","살리실산/BHA는 묵은 각질과 거친 피부 결 정돈에 도움을 줄 수 있는 성분으로, 공개 근거에서는 각질층 분해·박리 내용이 확인됩니다.","mfds","","","0.7"
"aha","effect_exfoliation","high","78","PubMed 등재 연구 자료 (PMID 8651713)","https://pubmed.ncbi.nlm.nih.gov/8651713/","AHA는 묵은 각질과 거친 피부 결 정돈에 도움을 줄 수 있는 성분으로, 공개 근거에서는 수용성 표면 각질용해(코르네오사이트 결합 분해) 내용이 확인됩니다.","paper","8651713","","0.7"
"aha","effect_wrinkle","medium","62","PubMed 등재 연구 자료 (PMID 8642081)","https://pubmed.ncbi.nlm.nih.gov/8642081/","AHA는 피부 결, 탄력, 잔주름 관리에 도움을 줄 수 있는 성분으로, 공개 근거에서는 표피 리모델링·표면 결 개선 내용이 확인됩니다.","paper","8642081","","0.7"
"aha","effect_moisture_barrier","medium","60","PubMed 등재 연구 자료 (PMID 8818186)","https://pubmed.ncbi.nlm.nih.gov/8818186/","AHA는 피부 수분 유지와 장벽 보완에 도움을 줄 수 있는 성분으로, 공개 근거에서는 L-락틱 세라마이드 합성·피부 수분 손실 개선 내용이 확인됩니다.","paper","8818186","","0.7"
"pha","effect_exfoliation","medium","66","PubMed 등재 연구 자료 (PMID 15002657)","https://pubmed.ncbi.nlm.nih.gov/15002657/","PHA는 묵은 각질과 거친 피부 결 정돈에 도움을 줄 수 있는 성분으로, 공개 근거에서는 큰 분자을 통해 표면 한정 desquamation(AHA보다 순함) 내용이 확인됩니다.","paper","15002657","","0.7"
"pha","effect_moisture_barrier","medium","60","성분 기능 공개 문헌 검토 자료","","PHA는 피부 수분 유지와 장벽 보완에 도움을 줄 수 있는 성분으로, 공개 근거에서는 수분보유·장벽 강화 내용이 확인됩니다.","unknown","","","0.7"
"pha","effect_wrinkle","medium","54","PubMed 등재 연구 자료 (PMID 15002656)","https://pubmed.ncbi.nlm.nih.gov/15002656/","PHA는 피부 결, 탄력, 잔주름 관리에 도움을 줄 수 있는 성분으로, 공개 근거에서는 항산화·표면 항노화 내용이 확인됩니다.","paper","15002656","","0.5"
"pha","effect_calming","low","48","PubMed 등재 연구 자료 (PMID 15002656)","https://pubmed.ncbi.nlm.nih.gov/15002656/","PHA는 민감한 피부의 진정 관리와 관련해 제한적인 근거가 있는 성분으로, 공개 근거에서는 수동항염·민감성 적합(능동 진정 아님) 내용이 확인됩니다.","paper","15002656","","0.5"
"zinc_pca","effect_acne_sebum","medium","50","PubMed 등재 연구 자료 (PMID 3207614)","https://pubmed.ncbi.nlm.nih.gov/3207614/","징크PCA는 피지와 여드름성 피부 고민 관리에 도움을 줄 수 있는 성분으로, 공개 근거에서는 피지(5a-R 외삽+항균) — 단독 임상 제한 내용이 확인됩니다.","paper","3207614","","0.5"
"zinc_pca","effect_moisture_barrier","low","42","성분 기능 공개 문헌 검토 자료","","징크PCA는 피부 수분 유지와 장벽 보완과 관련해 제한적인 근거가 있는 성분으로, 공개 근거에서는 비건조성 피지조절(약한 수분 결합 성분) 내용이 확인됩니다.","unknown","","","0.5"
"glycerin","effect_moisture_barrier","high","85","PubMed 등재 연구 자료 (PMID 10598752)","https://pubmed.ncbi.nlm.nih.gov/10598752/","글리세린은 피부 수분 유지와 장벽 보완에 도움을 줄 수 있는 성분으로, 공개 근거에서는 각질층 수분 보유·장벽 회복·각질세포 성숙 내용이 확인됩니다.","paper","10598752","","0.9"
"glycerin","effect_calming","medium","58","PubMed 등재 연구 자료 (PMID 18510666)","https://pubmed.ncbi.nlm.nih.gov/18510666/","글리세린은 민감한 피부의 진정 관리에 도움을 줄 수 있는 성분으로, 공개 근거에서는 자극 보호·민감 완화(간접) 내용이 확인됩니다.","paper","18510666","","0.5"
"glycerin","effect_exfoliation","low","48","성분 기능 공개 문헌 검토 자료","","글리세린은 묵은 각질과 거친 피부 결 정돈과 관련해 제한적인 근거가 있는 성분으로, 공개 근거에서는 건조 각질 정상화(박피성 각질 제거 성분은 아님) 내용이 확인됩니다.","unknown","","","0.5"
"panthenol","effect_moisture_barrier","high","76","PubMed 등재 연구 자료 (PMID 10965426)","https://pubmed.ncbi.nlm.nih.gov/10965426/","판테놀은 피부 수분 유지와 장벽 보완에 도움을 줄 수 있는 성분으로, 공개 근거에서는 각질층 수분 증가·피부 수분 손실 감소·장벽회복·상피분화 내용이 확인됩니다.","paper","10965426","","0.7"
"panthenol","effect_calming","high","72","PubMed 등재 연구 자료 (PMID 12113650)","https://pubmed.ncbi.nlm.nih.gov/12113650/","판테놀은 민감한 피부의 진정 관리에 도움을 줄 수 있는 성분으로, 공개 근거에서는 항염·홍반 감소·가려움 완화 내용이 확인됩니다.","paper","12113650","","0.7"
"ceramides","effect_moisture_barrier","high","88","PubMed 등재 연구 자료 (PMID 33984185)","https://pubmed.ncbi.nlm.nih.gov/33984185/","세라마이드는 피부 수분 유지와 장벽 보완에 도움을 줄 수 있는 성분으로, 공개 근거에서는 장벽지질 라멜라 복구·피부 수분 손실 감소·각질층 구조 개선 단독 시 효과 하향, 콜레스테롤·지방산 복합 필수 내용이 확인됩니다.","paper","33984185","","0.9"
"ceramides","effect_calming","medium","60","PubMed 등재 연구 자료 (PMID 40408261)","https://pubmed.ncbi.nlm.nih.gov/40408261/","세라마이드는 민감한 피부의 진정 관리에 도움을 줄 수 있는 성분으로, 공개 근거에서는 장벽 회복으로 민감·자극 완화 내용이 확인됩니다.","paper","40408261","","0.7"
"cholesterol_fatty_acids","effect_moisture_barrier","high","72","PubMed 등재 연구 자료 (PMID 8618046)","https://pubmed.ncbi.nlm.nih.gov/8618046/","콜레스테롤/지방산은 피부 수분 유지와 장벽 보완에 도움을 줄 수 있는 성분으로, 공개 근거에서는 장벽지질 복합 완성(세라마이드 짝꿍)·라멜라 구조·CLE 내용이 확인됩니다.","paper","8618046","","0.7"
"cholesterol_fatty_acids","effect_calming","medium","52","성분 기능 공개 문헌 검토 자료","","콜레스테롤/지방산은 민감한 피부의 진정 관리에 도움을 줄 수 있는 성분으로, 공개 근거에서는 장벽 회복으로 자극 완화(간접) 내용이 확인됩니다.","unknown","","","0.5"
"hyaluronic_acid","effect_moisture_barrier","high","78","성분 기능 공개 문헌 검토 자료","","히알루론산은 피부 수분 유지와 장벽 보완에 도움을 줄 수 있는 성분으로, 공개 근거에서는 수분 보유·표면 보습막·일시적인 볼륨감 개선 내용이 확인됩니다.","unknown","","","0.7"
"hyaluronic_acid","effect_wrinkle","medium","60","PubMed 등재 연구 자료 (PMID 22052267)","https://pubmed.ncbi.nlm.nih.gov/22052267/","히알루론산은 피부 결, 탄력, 잔주름 관리에 도움을 줄 수 있는 성분으로, 공개 근거에서는 수분 보충을 통한 잔주름 완화 내용이 확인됩니다.","paper","22052267","","0.7"
"hyaluronic_acid","effect_calming","medium","55","성분 기능 공개 문헌 검토 자료","","히알루론산은 민감한 피부의 진정 관리에 도움을 줄 수 있는 성분으로, 공개 근거에서는 상처 회복과 시술 후 진정 보조 내용이 확인됩니다.","unknown","","","0.5"
"squalane","effect_moisture_barrier","low","48","성분 기능 관련 연구 자료","","스쿠알란은 피부 수분 유지와 장벽 보완과 관련해 제한적인 근거가 있는 성분으로, 공개 근거에서는 피부 유연 보습 성분 — 주기능이나 전용 임상 연구 부족(제한적 근거) 내용이 확인됩니다.","paper","","","0.5"
"dimethicone","effect_moisture_barrier","medium","64","성분 기능 공개 문헌 검토 자료","","디메치콘은 피부 수분 유지와 장벽 보완에 도움을 줄 수 있는 성분으로, 공개 근거에서는 통기성 폐색·보호막·피부 수분 손실 감소·피부유연 내용이 확인됩니다.","unknown","","","0.7"
"dimethicone","effect_calming","medium","52","성분 기능 공개 문헌 검토 자료","","디메치콘은 민감한 피부의 진정 관리에 도움을 줄 수 있는 성분으로, 공개 근거에서는 자극원 물리적 차단·기저귀발진/습진 보호 내용이 확인됩니다.","unknown","","","0.5"
"petrolatum_mineral_oil","effect_moisture_barrier","high","80","PubMed 등재 연구 자료 (PMID 1564142)","https://pubmed.ncbi.nlm.nih.gov/1564142/","페트롤라툼/미네랄오일은 피부 수분 유지와 장벽 보완에 도움을 줄 수 있는 성분으로, 공개 근거에서는 최강 폐색·수분 봉인·각질층 침투·장벽분화 내용이 확인됩니다.","paper","1564142","","0.9"
"petrolatum_mineral_oil","effect_calming","medium","56","성분 기능 공개 문헌 검토 자료","","페트롤라툼/미네랄오일은 민감한 피부의 진정 관리에 도움을 줄 수 있는 성분으로, 공개 근거에서는 자극원 차단·항균펩타이드·창상치유 내용이 확인됩니다.","unknown","","","0.5"
"urea","effect_moisture_barrier","high","76","성분 기능 공개 문헌 검토 자료","","유레아는 피부 수분 유지와 장벽 보완에 도움을 줄 수 있는 성분으로, 공개 근거에서는 천연보습인자 보충·장벽 분화 유도·수분 결합 내용이 확인됩니다.","unknown","","","0.7"
"urea","effect_exfoliation","high","70","성분 기능 공개 문헌 검토 자료","","유레아는 묵은 각질과 거친 피부 결 정돈에 도움을 줄 수 있는 성분으로, 공개 근거에서는 각질용해(고농도일수록 강함)·과각질/어린선 내용이 확인됩니다.","unknown","","","0.7"
"urea","effect_calming","medium","56","성분 기능 공개 문헌 검토 자료","","유레아는 민감한 피부의 진정 관리에 도움을 줄 수 있는 성분으로, 공개 근거에서는 건조·아토피 피부 가려움 완화(저농도) 내용이 확인됩니다.","unknown","","","0.5"
"centella_asiatica","effect_calming","high","72","성분 기능 공개 문헌 검토 자료","","센텔라/병풀은 민감한 피부의 진정 관리에 도움을 줄 수 있는 성분으로, 공개 근거에서는 항염·홍반 완화·염증 후 색소침착 완화·상처 회복 보조 내용이 확인됩니다.","unknown","","","0.7"
"centella_asiatica","effect_wrinkle","medium","56","PubMed 등재 연구 자료 (PMID 18503551)","https://pubmed.ncbi.nlm.nih.gov/18503551/","센텔라/병풀은 피부 결, 탄력, 잔주름 관리에 도움을 줄 수 있는 성분으로, 공개 근거에서는 콜라겐 생성과 비타민C 병용 임상 연구 내용이 확인됩니다.","paper","18503551","","0.5"
"centella_asiatica","effect_moisture_barrier","medium","54","성분 기능 공개 문헌 검토 자료","","센텔라/병풀은 피부 수분 유지와 장벽 보완에 도움을 줄 수 있는 성분으로, 공개 근거에서는 장벽과 수분 개선, 히알루론산 증가 관련 내용이 확인됩니다.","unknown","","","0.5"
"madecassoside","effect_calming","high","72","성분 기능 관련 연구 자료","","마데카소사이드는 민감한 피부의 진정 관리에 도움을 줄 수 있는 성분으로, 공개 근거에서는 염증 관련 신호 조절·홍반 완화·자극 완화 내용이 확인됩니다.","paper","","","0.7"
"madecassoside","effect_wrinkle","medium","62","성분 기능 관련 연구 자료","","마데카소사이드는 피부 결, 탄력, 잔주름 관리에 도움을 줄 수 있는 성분으로, 공개 근거에서는 콜라겐 합성·광노화 개선(보조) 내용이 확인됩니다.","paper","","","0.7"
"madecassoside","effect_moisture_barrier","medium","54","PubMed 등재 연구 자료 (PMID 18503551)","https://pubmed.ncbi.nlm.nih.gov/18503551/","마데카소사이드는 피부 수분 유지와 장벽 보완에 도움을 줄 수 있는 성분으로, 공개 근거에서는 장벽과 수분 개선, 히알루론산 증가 관련 내용이 확인됩니다.","paper","18503551","","0.5"
"tea_tree","effect_acne_sebum","medium","66","성분 기능 관련 연구 자료","","티트리는 피지와 여드름성 피부 고민 관리에 도움을 줄 수 있는 성분으로, 공개 근거에서는 항균·항염 기반의 여드름성 피부 관리 보조 내용이 확인됩니다.","paper","","","0.7"
"allantoin","effect_calming","medium","62","성분 기능 공개 문헌 검토 자료","","알란토인은 민감한 피부의 진정 관리에 도움을 줄 수 있는 성분으로, 공개 근거에서는 진정·항자극·창상치유(순함) 내용이 확인됩니다.","unknown","","","0.7"
"allantoin","effect_moisture_barrier","medium","55","성분 기능 공개 문헌 검토 자료","","알란토인은 피부 수분 유지와 장벽 보완에 도움을 줄 수 있는 성분으로, 공개 근거에서는 보습·컨디셔닝·보호 내용이 확인됩니다.","unknown","","","0.5"
"colloidal_oatmeal","effect_calming","high","74","성분 기능 관련 연구 자료","","콜로이달오트밀은 민감한 피부의 진정 관리에 도움을 줄 수 있는 성분으로, 공개 근거에서는 피부보호제 기준, 귀리 유래 항염 성분, 아토피 피부 가려움 임상 연구 내용이 확인됩니다.","paper","","","0.7"
"colloidal_oatmeal","effect_moisture_barrier","medium","62","성분 기능 관련 연구 자료","","콜로이달오트밀은 피부 수분 유지와 장벽 보완에 도움을 줄 수 있는 성분으로, 공개 근거에서는 베타글루칸/전분 보습·보호막·아토피 피부 장벽 임상 연구 내용이 확인됩니다.","paper","","","0.7"
"bisabolol","effect_brightening","high","85","식품의약품안전처 고시 및 관련 근거 자료","https://pubmed.ncbi.nlm.nih.gov/20642768/","비사보롤은 피부 톤과 색소 고민 관리에 도움을 줄 수 있는 성분으로, 공개 근거에서는 식약처 미백 고시 0.5% + 직접기전·임상 내용이 확인됩니다.","paper","20642768","","0.9"
"green_tea","effect_acne_sebum","medium","66","성분 기능 관련 연구 자료","","녹차는 피지와 여드름성 피부 고민 관리에 도움을 줄 수 있는 성분으로, 공개 근거에서는 피지감소+항염+항균 여드름 — 메타분석 내용이 확인됩니다.","paper","","","0.7"
"green_tea","effect_calming","medium","60","성분 기능 공개 문헌 검토 자료","","녹차는 민감한 피부의 진정 관리에 도움을 줄 수 있는 성분으로, 공개 근거에서는 항염·항산화(EGCG, UV 염증 완화) 내용이 확인됩니다.","unknown","","","0.7"
"green_tea","effect_wrinkle","medium","54","성분 기능 공개 문헌 검토 자료","","녹차는 피부 결, 탄력, 잔주름 관리에 도움을 줄 수 있는 성분으로, 공개 근거에서는 항산화 기반의 광노화 보호와 콜라겐 분해 억제 내용이 확인됩니다.","unknown","","","0.5"
"retinol","effect_wrinkle","high","88","식품의약품안전처 고시 및 관련 근거 자료","https://pubmed.ncbi.nlm.nih.gov/17515510/","레티놀은 피부 결, 탄력, 잔주름 관리에 도움을 줄 수 있는 성분으로, 공개 근거에서는 콜라겐 합성·광노화 개선 내용이 확인됩니다.","paper","17515510","","0.9"
"retinol","effect_brightening","high","72","PubMed 등재 연구 자료 (PMID 29947134)","https://pubmed.ncbi.nlm.nih.gov/29947134/","레티놀은 피부 톤과 색소 고민 관리에 도움을 줄 수 있는 성분으로, 공개 근거에서는 색소침착·피부톤 개선 내용이 확인됩니다.","paper","29947134","10.1159/000508168","0.7"
"retinol","effect_exfoliation","medium","64","PubMed 등재 연구 자료 (PMID 7561157)","https://pubmed.ncbi.nlm.nih.gov/7561157/","레티놀은 묵은 각질과 거친 피부 결 정돈에 도움을 줄 수 있는 성분으로, 공개 근거에서는 턴오버·각질화 정상화(박피 아님) 내용이 확인됩니다.","paper","7561157","","0.7"
"retinol","effect_acne_sebum","low","45","성분 기능 공개 문헌 검토 자료","","레티놀은 피지와 여드름성 피부 고민 관리와 관련해 제한적인 근거가 있는 성분으로, 공개 근거에서는 관련 근거가 제한적 내용이 확인됩니다.","unknown","","","0.5"
"retinal","effect_wrinkle","high","82","PubMed 등재 연구 자료 (PMID 29663701)","https://pubmed.ncbi.nlm.nih.gov/29663701/","레티날은 피부 결, 탄력, 잔주름 관리에 도움을 줄 수 있는 성분으로, 공개 근거에서는 레티노이드(레티놀보다 강함) 내용이 확인됩니다.","paper","29663701","","0.9"
"retinal","effect_exfoliation","medium","58","성분 기능 공개 문헌 검토 자료","","레티날은 묵은 각질과 거친 피부 결 정돈에 도움을 줄 수 있는 성분으로, 공개 근거에서는 턴오버 내용이 확인됩니다.","unknown","","","0.5"
"retinal","effect_brightening","medium","55","성분 기능 공개 문헌 검토 자료","","레티날은 피부 톤과 색소 고민 관리에 도움을 줄 수 있는 성분으로, 공개 근거에서는 색소 개선 내용이 확인됩니다.","unknown","","","0.5"
"adenosine","effect_wrinkle","high","95","식품의약품안전처 고시 및 관련 근거 자료","https://pubmed.ncbi.nlm.nih.gov/18489289/","아데노신은 피부 결, 탄력, 잔주름 관리에 도움을 줄 수 있는 성분으로, 공개 근거에서는 주름개선 고시 성분 내용이 확인됩니다.","paper","18489289","","0.9"
"peptides","effect_wrinkle","medium","65","PubMed 등재 연구 자료 (PMID 18492182)","https://pubmed.ncbi.nlm.nih.gov/18492182/","펩타이드는 피부 결, 탄력, 잔주름 관리에 도움을 줄 수 있는 성분으로, 공개 근거에서는 신호·신경전달 펩타이드 내용이 확인됩니다.","paper","18492182","","0.7"
"ascorbic_acid","effect_brightening","high","72","PubMed 등재 연구 자료 (PMID 12823436)","https://pubmed.ncbi.nlm.nih.gov/12823436/","비타민C는 피부 톤과 색소 고민 관리에 도움을 줄 수 있는 성분으로, 공개 근거에서는 항산화·티로시나제 억제 내용이 확인됩니다.","paper","12823436","","0.7"
"ascorbic_acid","effect_wrinkle","medium","65","PubMed 등재 연구 자료 (PMID 12823436)","https://pubmed.ncbi.nlm.nih.gov/12823436/","비타민C는 피부 결, 탄력, 잔주름 관리에 도움을 줄 수 있는 성분으로, 공개 근거에서는 콜라겐 합성·광노화 내용이 확인됩니다.","paper","12823436","","0.7"
"arbutin","effect_brightening","high","80","식품의약품안전처 고시 및 관련 근거 자료","https://pubmed.ncbi.nlm.nih.gov/34356362/","알부틴은 피부 톤과 색소 고민 관리에 도움을 줄 수 있는 성분으로, 공개 근거에서는 티로시나제 억제(하이드로퀴논 유도체) 내용이 확인됩니다.","paper","34356362","","0.9"
"tranexamic_acid","effect_brightening","high","82","PubMed 등재 연구 자료 (PMID 38843906)","https://pubmed.ncbi.nlm.nih.gov/38843906/","트라넥사믹애씨드는 피부 톤과 색소 고민 관리에 도움을 줄 수 있는 성분으로, 공개 근거에서는 멜라스마·플라스민 억제 내용이 확인됩니다.","paper","38843906","","0.9"
"kojic_acid","effect_brightening","medium","60","성분 기능 관련 연구 자료","","코직애씨드는 피부 톤과 색소 고민 관리에 도움을 줄 수 있는 성분으로, 공개 근거에서는 티로시나제 억제 내용이 확인됩니다.","paper","","","0.7"
"licorice_extract","effect_brightening","high","78","식품의약품안전처 고시 및 관련 근거 자료","https://pubmed.ncbi.nlm.nih.gov/9870547/","감초추출물은 피부 톤과 색소 고민 관리에 도움을 줄 수 있는 성분으로, 공개 근거에서는 티로시나제 억제 내용이 확인됩니다.","paper","9870547","","0.7"
"licorice_extract","effect_calming","low","48","PubMed 등재 연구 자료 (PMID 9870547)","https://pubmed.ncbi.nlm.nih.gov/9870547/","감초추출물은 민감한 피부의 진정 관리와 관련해 제한적인 근거가 있는 성분으로, 공개 근거에서는 항염(전임상) 보조 내용이 확인됩니다.","paper","9870547","","0.5"
"phytosphingosine","effect_moisture_barrier","medium","72","PubMed 등재 연구 자료 (PMID 28936777)","https://pubmed.ncbi.nlm.nih.gov/28936777/","피토스핑고신은 피부 수분 유지와 장벽 보완에 도움을 줄 수 있는 성분으로, 공개 근거에서는 피부 장벽 단백질과 천연보습인자 경로, 수분 유지 증가 보고 내용이 확인됩니다.","paper","28936777","10.1007/s00403-017-1782-8","0.7"
"phytosphingosine","effect_acne_sebum","medium","65","PubMed 등재 연구 자료 (PMID 18489348)","https://pubmed.ncbi.nlm.nih.gov/18489348/","피토스핑고신은 피지와 여드름성 피부 고민 관리에 도움을 줄 수 있는 성분으로, 공개 근거에서는 여드름성 피부 관리에서 항균·항염 기반 임상 결과 보고 내용이 확인됩니다.","paper","18489348","","0.7"
"glutathione","effect_brightening","high","75","PubMed 등재 연구 자료 (PMID 25378941)","https://pmc.ncbi.nlm.nih.gov/articles/PMC4207440/","글루타티온은 피부 톤과 색소 고민 관리에 도움을 줄 수 있는 성분으로, 공개 근거에서는 바르는 산화형 글루타티온 임상 연구에서 피부 톤과 피부 상태 개선 보고 내용이 확인됩니다.","paper","25378941","","0.7"
"beta_glucan","effect_moisture_barrier","medium","68","PubMed 등재 연구 자료 (PMID 33128496)","https://pubmed.ncbi.nlm.nih.gov/33128496/","베타-글루칸은 피부 수분 유지와 장벽 보완에 도움을 줄 수 있는 성분으로, 공개 근거에서는 반쪽 얼굴 대조 연구에서 β-glucan 사용군이 레이저 시술 후 수분 유지·피부 수분 손실 회복에 유의한 개선을 보임 내용이 확인됩니다.","paper","33128496","10.1111/jocd.13683","0.7"
"dipotassium_glycyrrhizate","effect_calming","medium","70","PubMed 등재 연구 자료 (PMID 40735556)","https://pubmed.ncbi.nlm.nih.gov/40735556/","다이포타슘글리시리제이트는 민감한 피부의 진정 관리에 도움을 줄 수 있는 성분으로, 공개 근거에서는 randomized parallel-controlled study에서 dipotassium glycyrrhizin-containing 피부 유연 보습 성분가 adult 아… 내용이 확인됩니다.","paper","40735556","10.12669/pjms.41.7.9559","0.7"
