product_id,brand,name,category,skin_type_tags,thumbnail_url,image_urls
prod_oy_a000000254908,에스트라,[NEW] 에스트라 아토베리어365 캡슐 토너 300ml,toner,,https://static.oliveyoung.co.kr/pc-static-root/image//comm/noimg_550.gif,
prod_oy_a000000249581,제로이드,[6월 올영픽][저자극 각질 케어] 제로이드 핌프로브 토너 200ml,toner,,https://static.oliveyoung.co.kr/pc-static-root/image//comm/noimg_550.gif,
prod_oy_a000000223425,달바,[미백/잡티케어] 달바 비타 토닝 세럼 토너 180ml,toner,,https://static.oliveyoung.co.kr/pc-static-root/image//comm/noimg_550.gif,
prod_oy_a000000218549,에스트라,에스트라 에이시카365 수분토너 pH4.5 200ml,toner,,https://static.oliveyoung.co.kr/pc-static-root/image//comm/noimg_550.gif,
prod_oy_a000000203207,바이오힐보,[탄력토너] 바이오힐 보 프로바이오덤 3D 리프팅 에센셜 토너 150ml,toner,,https://static.oliveyoung.co.kr/pc-static-root/image//comm/noimg_550.gif,
prod_oy_a000000188830,조선미녀,조선미녀 인삼에센스워터 150ml,toner,,https://static.oliveyoung.co.kr/pc-static-root/image//comm/noimg_550.gif,
prod_oy_a000000203171,식물나라,식물나라 어린녹차 촉촉 진정토너 500mL,toner,,https://static.oliveyoung.co.kr/pc-static-root/image//comm/noimg_550.gif,
prod_oy_a000000252696,아누아,[NEW/리뉴얼] 아누아 어성초 77 히알루론산 수분 진정 토너 350ml,toner,,https://static.oliveyoung.co.kr/pc-static-root/image//comm/noimg_550.gif,
prod_oy_a000000164211,피지오겔,피지오겔 레드수딩 시카밸런스 토너 200ml,toner,,https://static.oliveyoung.co.kr/pc-static-root/image//comm/noimg_550.gif,
prod_oy_a000000213492,메디큐브,[흔적미백]메디큐브 PDRN 핑크 시카 수딩 토너 250ml,toner,,https://static.oliveyoung.co.kr/pc-static-root/image//comm/noimg_550.gif,
prod_oy_a000000204454,조선미녀,조선미녀 청매실 AHABHA 토너 150ml,toner,,https://static.oliveyoung.co.kr/pc-static-root/image//comm/noimg_550.gif,
prod_oy_a000000165355,AHC,AHC 허브솔루션 위치하젤 토너 500ml,toner,,https://static.oliveyoung.co.kr/pc-static-root/image//comm/noimg_550.gif,
prod_oy_a000000243855,폴라초이스,[화잘먹/각질제거부스터]폴라초이스 스킨퍼펙팅 바하 리퀴드 엑스폴리언트 118ml,toner,,https://static.oliveyoung.co.kr/pc-static-root/image//comm/noimg_550.gif,
prod_oy_a000000199405,마녀공장,[속보습] 마녀공장 판테토인 에센스 토너 200ml,toner,,https://static.oliveyoung.co.kr/pc-static-root/image//comm/noimg_550.gif,
prod_oy_a000000215222,리쥬란,[각질개선율191%]리쥬란 더마 힐러 모이스처 트리트먼트 토너 150ml,toner,,https://static.oliveyoung.co.kr/pc-static-root/image//comm/noimg_550.gif,
prod_oy_a000000144122,애즈이즈투비,[수분보습] 애즈이즈투비 히아루로닉 에센셜 토너 200ml,toner,,https://static.oliveyoung.co.kr/pc-static-root/image//comm/noimg_550.gif,
prod_oy_a000000255384,더샘,[NEW/쿨링화잘먹/버블토너] 더샘 스킨 프렙 쿨링 무스 토너 70ml,toner,,https://static.oliveyoung.co.kr/pc-static-root/image//comm/noimg_550.gif,
prod_oy_a000000224246,풀리,[레이PICK/보습광채] 풀리 쌀 세라 에센스 토너 250ml,toner,,https://static.oliveyoung.co.kr/pc-static-root/image//comm/noimg_550.gif,
prod_oy_a000000004434,바이오더마,바이오더마 하이드라비오 토너 250ml,toner,,https://static.oliveyoung.co.kr/pc-static-root/image//comm/noimg_550.gif,
prod_oy_a000000175354,닥터자르트,[보습세럼]닥터자르트 세라마이딘 스킨 베리어 세럼 토너 150ml,toner,,https://static.oliveyoung.co.kr/pc-static-root/image//comm/noimg_550.gif,
prod_oy_a000000210050,아누아,아누아 복숭아 나이아신아마이드 에센스 토너 250mL,toner,,https://static.oliveyoung.co.kr/pc-static-root/image//comm/noimg_550.gif,
prod_oy_a000000257195,비욘드,[NEW] 비욘드 엔젤 아쿠아 이온 히알루 10% 수분 진정 토너 350ml,toner,,https://static.oliveyoung.co.kr/pc-static-root/image//comm/noimg_550.gif,
prod_oy_a000000228333,토리든,토리든 밸런스풀 시카 각질 토너 250ml,toner,,https://static.oliveyoung.co.kr/pc-static-root/image//comm/noimg_550.gif,
prod_oy_a000000151356,셀퓨전씨,[속수분충전/매끈피부결] 셀퓨전씨 약산성 패리어 토너 300ml,toner,,https://static.oliveyoung.co.kr/pc-static-root/image//comm/noimg_550.gif,
prod_oy_a000000197102,이즈앤트리,[NCT 재민PICK] 이즈앤트리 초저분자 히아루론산 토너 300ml,toner,,https://static.oliveyoung.co.kr/pc-static-root/image//comm/noimg_550.gif,
prod_oy_a000000232188,피지오겔,피지오겔 DMT 에센스 인 토너 200ml,toner,,https://static.oliveyoung.co.kr/pc-static-root/image//comm/noimg_550.gif,
prod_oy_a000000116659,유리아쥬,[수분장벽토너] 유리아쥬 제모스 토너 500ml,toner,,https://static.oliveyoung.co.kr/pc-static-root/image//comm/noimg_550.gif,
prod_oy_a000000183751,한율,[시카보다 4배*강한] 한율 어린쑥 수분진정 토너 150ml,toner,,https://static.oliveyoung.co.kr/pc-static-root/image//comm/noimg_550.gif,
prod_oy_a000000199507,헤브블루,헤브블루 살몬 PDRN 케어링 센텔라 토너 200ml,toner,,https://static.oliveyoung.co.kr/pc-static-root/image//comm/noimg_550.gif,
prod_oy_a000000144551,하다라보,[속보습장벽토너] 하다라보 고쿠쥰 로션 170mL,toner,,https://static.oliveyoung.co.kr/pc-static-root/image//comm/noimg_550.gif,
prod_oy_a000000156040,스킨푸드,[트러블케어] 스킨푸드 미나리 토너 300ml,toner,,https://static.oliveyoung.co.kr/pc-static-root/image//comm/noimg_550.gif,
prod_oy_a000000205919,디오디너리,[수분보습] 디오디너리 사카로미세스 퍼멘트 30% 밀키 토너 100ml,toner,,https://static.oliveyoung.co.kr/pc-static-root/image//comm/noimg_550.gif,
prod_oy_a000000002839,바이오더마,바이오더마 센시비오 토너 250ml,toner,,https://static.oliveyoung.co.kr/pc-static-root/image//comm/noimg_550.gif,
prod_oy_a000000257541,마녀공장,[스킨부스터/화잘먹토너] 마녀공장 글루타치온 7 다크스팟 토너 200ml,toner,,https://static.oliveyoung.co.kr/pc-static-root/image//comm/noimg_550.gif,
prod_oy_a000000229456,셀라딕스,셀라딕스 트러블 쿨 카밍 131 토너 300ml,toner,,https://static.oliveyoung.co.kr/pc-static-root/image//comm/noimg_550.gif,
prod_oy_a000000203564,닥터지,[슬로에이징/영양탄력] 닥터지 블랙스네일 토너 150ml,toner,,https://static.oliveyoung.co.kr/pc-static-root/image//comm/noimg_550.gif,
prod_oy_a000000229521,성분에디터,[모공케어] 성분에디터 그린토마토 NMN 포어 하이드로 수딩 토너 350ml,toner,,https://static.oliveyoung.co.kr/pc-static-root/image//comm/noimg_550.gif,
prod_oy_a000000161571,스킨1004,스킨1004 마다가스카르 센텔라 토닝토너 210ml,toner,,https://static.oliveyoung.co.kr/pc-static-root/image//comm/noimg_550.gif,
prod_oy_a000000212792,셀리맥스,[영양/부스팅토너] 셀리맥스 더 리얼 노니 수분 밸런싱 토너 320ml,toner,,https://static.oliveyoung.co.kr/pc-static-root/image//comm/noimg_550.gif,
prod_oy_a000000153859,아이소이,[100시간/보습지속] 아이소이 모이스춰닥터 장수진 수분토너 130ml,toner,,https://static.oliveyoung.co.kr/pc-static-root/image//comm/noimg_550.gif,
prod_oy_a000000201363,아비브,[매끈결] 아비브 부활초 파하 토너 스킨부스터 200ml,toner,,https://static.oliveyoung.co.kr/pc-static-root/image//comm/noimg_550.gif,
prod_oy_a000000129474,코스알엑스,코스알엑스 풀핏 프로폴리스 시너지 토너 280ml,toner,,https://static.oliveyoung.co.kr/pc-static-root/image//comm/noimg_550.gif,
prod_oy_a000000203170,식물나라,식물나라 뽀얀쌀 맑은톤 토너 500mL,toner,,https://static.oliveyoung.co.kr/pc-static-root/image//comm/noimg_550.gif,
prod_oy_a000000213097,조선미녀,[모공/진정케어] 조선미녀 맑은쌀채운 토너 150ml,toner,,https://static.oliveyoung.co.kr/pc-static-root/image//comm/noimg_550.gif,
prod_oy_a000000141330,디오디너리,[각질쓱싹] 디오디너리 랙틱 애시드 5% + HA 30ml,toner,,https://static.oliveyoung.co.kr/pc-static-root/image//comm/noimg_550.gif,
prod_oy_a000000237491,코스노리,[수부지장벽토너] 코스노리 판테놀 베리어 토너 205ml,toner,,https://static.oliveyoung.co.kr/pc-static-root/image//comm/noimg_550.gif,
prod_oy_a000000154506,원씽,[트러블완화/진정] 원씽 어성초 추출물 토너 150ml,toner,,https://static.oliveyoung.co.kr/pc-static-root/image//comm/noimg_550.gif,
prod_oy_a000000128107,닥터자르트,닥터자르트 컨트롤에이 티트리먼트 토너 120ml (티트리 약산성 토너),toner,,https://static.oliveyoung.co.kr/pc-static-root/image//comm/noimg_550.gif,
prod_oy_a000000121246,싸이닉,싸이닉 더 심플 카밍 토너 145ml,toner,,https://static.oliveyoung.co.kr/pc-static-root/image//comm/noimg_550.gif,
prod_oy_a000000016873,유리아쥬,[수분장벽토너] 유리아쥬 제모스 토너 250ml,toner,,https://static.oliveyoung.co.kr/pc-static-root/image//comm/noimg_550.gif,
prod_oy_a000000104144,크리니크,크리니크 안티-블레미쉬 솔루션 클래리파잉 로션 200ml,toner,,https://static.oliveyoung.co.kr/pc-static-root/image//comm/noimg_550.gif,
prod_oy_a000000104167,크리니크,크리니크 각질케어토너 2 200ml,toner,,https://static.oliveyoung.co.kr/pc-static-root/image//comm/noimg_550.gif,
prod_oy_a000000113008,셀린저,셀린저 리얼 토너 씨벅톤 200ml,toner,,https://static.oliveyoung.co.kr/pc-static-root/image//comm/noimg_550.gif,
prod_oy_a000000113009,셀린저,셀린저 리얼 토너 카렌듈라 200ml,toner,,https://static.oliveyoung.co.kr/pc-static-root/image//comm/noimg_550.gif,
prod_oy_a000000113010,셀린저,셀린저 리얼 토너 티트리 200ml,toner,,https://static.oliveyoung.co.kr/pc-static-root/image//comm/noimg_550.gif,
prod_oy_a000000113011,셀린저,셀린저 리얼 토너 센텔라아시아티카 200ml,toner,,https://static.oliveyoung.co.kr/pc-static-root/image//comm/noimg_550.gif,
prod_oy_a000000113806,아이소이,[응급진정토닉] 아이소이 아크니 닥터 1st 컨트롤 토닉 90ml,toner,,https://static.oliveyoung.co.kr/pc-static-root/image//comm/noimg_550.gif,
prod_oy_a000000115384,로벡틴,[응급진정/유수분케어]로벡틴 시카케어 밸런싱 토너 260ml,toner,,https://static.oliveyoung.co.kr/pc-static-root/image//comm/noimg_550.gif,
prod_oy_a000000115420,셀퓨전씨,[각질케어/청정피부] 셀퓨전씨 트리악 pH 컨디션 토너 200ml,toner,,https://static.oliveyoung.co.kr/pc-static-root/image//comm/noimg_550.gif,
prod_oy_a000000115910,시카고,[진정뿌토] 시카고 시카 엑스퍼트 미스트 토너 150ml,toner,,https://static.oliveyoung.co.kr/pc-static-root/image//comm/noimg_550.gif,
prod_oy_a000000117997,썸바이미,썸바이미 아하바하파하 30 데이즈 미라클 토너 150ml,toner,,https://static.oliveyoung.co.kr/pc-static-root/image//comm/noimg_550.gif,
prod_oy_a000000125507,라운드랩,[1등토너]라운드랩 1025 독도 토너 200ml,toner,,https://static.oliveyoung.co.kr/pc-static-root/image//comm/noimg_550.gif,
prod_oy_a000000129443,이즈앤트리,이즈앤트리 히아루론산 토너 200ml,toner,,https://static.oliveyoung.co.kr/pc-static-root/image//comm/noimg_550.gif,
prod_oy_a000000136077,마녀공장,마녀공장 비피다 바이옴 앰플 토너 400ml,toner,,https://static.oliveyoung.co.kr/pc-static-root/image//comm/noimg_550.gif,
prod_oy_a000000141327,디오디너리,[각질쓱싹] 디오디너리 랙틱 애시드 10% + HA 30ml,toner,,https://static.oliveyoung.co.kr/pc-static-root/image//comm/noimg_550.gif,
prod_oy_a000000144052,폴라초이스,폴라초이스 스킨 발란싱 포어-리듀싱 토너 190ml,toner,,https://static.oliveyoung.co.kr/pc-static-root/image//comm/noimg_550.gif,
prod_oy_a000000145833,플리프,플리프 시카-알로에 앰플 토너 200ml (여드름성피부추천),toner,,https://static.oliveyoung.co.kr/pc-static-root/image//comm/noimg_550.gif,
prod_oy_a000000146262,하다라보,[8종히알루론산] 하다라보 고쿠쥰 프리미엄 로션 170mL,toner,,https://static.oliveyoung.co.kr/pc-static-root/image//comm/noimg_550.gif,
prod_oy_a000000146589,아비브,[수분진정] 아비브 어성초 카밍 토너 스킨부스터 200ml,toner,,https://static.oliveyoung.co.kr/pc-static-root/image//comm/noimg_550.gif,
prod_oy_a000000147360,땡큐파머,[화해1위/미백토너] 땡큐파머 강화교동쌀 맑음 에센셜토너 200ml,toner,,https://static.oliveyoung.co.kr/pc-static-root/image//comm/noimg_550.gif,
prod_oy_a000000148252,라운드랩,[수분생기] 라운드랩 자작나무 수분 토너 300ml,toner,,https://static.oliveyoung.co.kr/pc-static-root/image//comm/noimg_550.gif,
prod_oy_a000000150815,아크네스,[기름종이토너] 아크네스 세범 밸런싱 스킨 200ml,toner,,https://static.oliveyoung.co.kr/pc-static-root/image//comm/noimg_550.gif,
prod_oy_a000000154540,원씽,[수분진정/붉은기완화] 원씽 병풀 추출물 토너 150ml,toner,,https://static.oliveyoung.co.kr/pc-static-root/image//comm/noimg_550.gif,
prod_oy_a000000155413,더말로지카,[뿌리는 쫀쫀거품 토너] 더말로지카 3 in 1 멀티-액티브 토너 50ml (쿨링/진정/수분),toner,,https://static.oliveyoung.co.kr/pc-static-root/image//comm/noimg_550.gif,
prod_oy_a000000158322,원씽,[톤/결개선] 원씽 나이아신아마이드 10% 토너 150ml,toner,,https://static.oliveyoung.co.kr/pc-static-root/image//comm/noimg_550.gif,
prod_oy_a000000160436,그레이멜린,그레이멜린 알래스카 내추럴 토너500ml *,toner,,https://static.oliveyoung.co.kr/pc-static-root/image//comm/noimg_550.gif,
prod_oy_a000000160562,크리니크,크리니크 각질케어토너 200ml (피부타입별 선택),toner,,https://static.oliveyoung.co.kr/pc-static-root/image//comm/noimg_550.gif,
prod_oy_a000000160650,이즈앤트리,이즈앤트리 어니언 뉴페어 에센스 토너 200ml,toner,,https://static.oliveyoung.co.kr/pc-static-root/image//comm/noimg_550.gif,
prod_oy_a000000162058,라네즈,라네즈 워터뱅크 블루히알루로닉 토너(중건성) 160ml,toner,,https://static.oliveyoung.co.kr/pc-static-root/image//comm/noimg_550.gif,
prod_oy_a000000162977,라빠레뜨뷰티,[수분진정/각질제거] 라빠레뜨 뷰티 카밍 그린 턴오버 토너 200ml,toner,,https://static.oliveyoung.co.kr/pc-static-root/image//comm/noimg_550.gif,
prod_oy_a000000163734,더마펌,[민감보습] 더마펌 모이스트 베리어 부스팅 토너 M4 200ml,toner,,https://static.oliveyoung.co.kr/pc-static-root/image//comm/noimg_550.gif,
prod_oy_a000000165360,AHC,AHC 허브솔루션 알로에베라 토너 500ml,toner,,https://static.oliveyoung.co.kr/pc-static-root/image//comm/noimg_550.gif,
prod_oy_a000000165364,AHC,AHC 허브솔루션 로즈 토너 500ml,toner,,https://static.oliveyoung.co.kr/pc-static-root/image//comm/noimg_550.gif,
prod_oy_a000000165366,AHC,AHC 허브솔루션 레몬 토너 500ml,toner,,https://static.oliveyoung.co.kr/pc-static-root/image//comm/noimg_550.gif,
prod_oy_a000000167276,피캄,[피지/진정케어] 피캄 베리어 사이클 락토P 토너 200ml,toner,,https://static.oliveyoung.co.kr/pc-static-root/image//comm/noimg_550.gif,
prod_oy_a000000168269,미구하라,미구하라 울트라 화이트닝 퍼펙션 스킨 오리진 400ml,toner,,https://static.oliveyoung.co.kr/pc-static-root/image//comm/noimg_550.gif,
prod_oy_a000000169999,달팡,달팡 인트랄 데일리 미셀러 토너 200ml,toner,,https://static.oliveyoung.co.kr/pc-static-root/image//comm/noimg_550.gif,
prod_oy_a000000170418,비오템,비오템 비오수르스 중복합성 토너 400ml,toner,,https://static.oliveyoung.co.kr/pc-static-root/image//comm/noimg_550.gif,
prod_oy_a000000170638,에센허브,에센허브 티트리 90 카밍 토너 320ml,toner,,https://static.oliveyoung.co.kr/pc-static-root/image//comm/noimg_550.gif,
prod_oy_a000000171755,닥터하스킨,[수분충전/저자극] 닥터하스킨 미라클아토 하이드로 토너 150ml,toner,,https://static.oliveyoung.co.kr/pc-static-root/image//comm/noimg_550.gif,
prod_oy_a000000176512,트러블레스,트러블레스 마일드 클리어 토너 에센스 200ml,toner,,https://static.oliveyoung.co.kr/pc-static-root/image//comm/noimg_550.gif,
prod_oy_a000000176978,스킨푸드,[당근토너] 스킨푸드 캐롯 카로틴 수딩 토너 300ml,toner,,https://static.oliveyoung.co.kr/pc-static-root/image//comm/noimg_550.gif,
prod_oy_a000000177477,프랭클리,[응급진정] 프랭클리 시카80 히알루론산 보습 토너 260ml,toner,,https://static.oliveyoung.co.kr/pc-static-root/image//comm/noimg_550.gif,
prod_oy_a000000178648,크리니크,크리니크 모이스춰 써지 하이드로 인퓨즈드 로션 200ml,toner,,https://static.oliveyoung.co.kr/pc-static-root/image//comm/noimg_550.gif,
prod_oy_a000000179544,비플레인,[트러블완화/수분진정] 비플레인 시카테롤 토너 200ml,toner,,https://static.oliveyoung.co.kr/pc-static-root/image//comm/noimg_550.gif,
prod_oy_a000000182686,에스트라,에스트라 테라크네365 하이드로 액티브 토너 200ml,toner,,https://static.oliveyoung.co.kr/pc-static-root/image//comm/noimg_550.gif,
prod_oy_a000000182787,파티온,[약산성/저자극] 파티온 노스카나인 트러블 클리어 토너 200ml,toner,,https://static.oliveyoung.co.kr/pc-static-root/image//comm/noimg_550.gif,
prod_oy_a000000184790,라운드랩,[민감진정] 라운드랩 소나무 진정 시카 토너 250ml,toner,,https://static.oliveyoung.co.kr/pc-static-root/image//comm/noimg_550.gif,
prod_oy_a000000187241,빌리프,빌리프 슈퍼 드랍스 비타민C 워터트리트먼트 150ML,toner,,https://static.oliveyoung.co.kr/pc-static-root/image//comm/noimg_550.gif,
prod_oy_a000000188048,브링그린,브링그린 대나무 히알루 수분 토너 500mL,toner,,https://static.oliveyoung.co.kr/pc-static-root/image//comm/noimg_550.gif,
prod_oy_a000000188598,조선미녀,조선미녀 붉은 팥 수분 워터 젤 100ml,toner,,https://static.oliveyoung.co.kr/pc-static-root/image//comm/noimg_550.gif,
prod_oy_a000000189404,디마르3,디마르3 디엑스 시타듀 리엑팅 토너 2.0 150ml,toner,,https://static.oliveyoung.co.kr/pc-static-root/image//comm/noimg_550.gif,
prod_oy_a000000189586,헤라,헤라 하이드로 리플렉팅 토너 170ml,toner,,https://static.oliveyoung.co.kr/pc-static-root/image//comm/noimg_550.gif,
prod_oy_a000000191827,디마르3,디마르3 시그니처 비트 로제 토너 150ml,toner,,https://static.oliveyoung.co.kr/pc-static-root/image//comm/noimg_550.gif,
prod_oy_a000000197660,닥터멜락신,닥터멜락신 아쿠아 이온 플라즈마 수분 토너 200ml,toner,,https://static.oliveyoung.co.kr/pc-static-root/image//comm/noimg_550.gif,
prod_oy_a000000198834,테라로직,테라로직 마데셀 더마 리페어 B5 토너 280ml,toner,,https://static.oliveyoung.co.kr/pc-static-root/image//comm/noimg_550.gif,
prod_oy_a000000199652,리얼베리어,리얼베리어 익스트림 에센스 토너 300ml,toner,,https://static.oliveyoung.co.kr/pc-static-root/image//comm/noimg_550.gif,
prod_oy_a000000199777,아이소이,[모공토닉] 아이소이 포어 타이트닝 토닉 에센스 90ml,toner,,https://static.oliveyoung.co.kr/pc-static-root/image//comm/noimg_550.gif,
prod_oy_a000000200039,넘버즈인,[흔적미백] 넘버즈인 5번 글루타치온씨 비타수액 에센셜 토너 200ml,toner,,https://static.oliveyoung.co.kr/pc-static-root/image//comm/noimg_550.gif,
prod_oy_a000000204623,설화수,설화수 자음수EX 150ml,toner,,https://static.oliveyoung.co.kr/pc-static-root/image//comm/noimg_550.gif,
prod_oy_a000000204639,더후,더후 로얄레지나 에너지드롭 트리트먼트 75ml,toner,,https://static.oliveyoung.co.kr/pc-static-root/image//comm/noimg_550.gif,
prod_oy_a000000204652,더후,더후 공진향 탄력 밸런싱 토너 150ml,toner,,https://static.oliveyoung.co.kr/pc-static-root/image//comm/noimg_550.gif,
prod_oy_a000000207006,파파레서피,파파레서피 블레미쉬 필링 토너 120ml,toner,,https://static.oliveyoung.co.kr/pc-static-root/image//comm/noimg_550.gif,
prod_oy_a000000207031,제나벨,제나벨 PDRN 리쥬비네이팅 토너 300ml,toner,,https://static.oliveyoung.co.kr/pc-static-root/image//comm/noimg_550.gif,
prod_oy_a000000208718,스콧해미쉬,스콧해미쉬 블루 블렌디드 토너 에센스 180ml,toner,,https://static.oliveyoung.co.kr/pc-static-root/image//comm/noimg_550.gif,
prod_oy_a000000208986,우노,[촉촉스킨] 우노 스킨 세럼 워터 200ml,toner,,https://static.oliveyoung.co.kr/pc-static-root/image//comm/noimg_550.gif,
prod_oy_a000000209588,VT,[NEW/기미잡티케어] VT 티엑스토닝 토너 200ml,toner,,https://static.oliveyoung.co.kr/pc-static-root/image//comm/noimg_550.gif,
prod_oy_a000000209641,티엘스,[첫 단계 톤업 케어] 티엘스 레드 오렌지 나이아신아마이드 토너 150ml,toner,,https://static.oliveyoung.co.kr/pc-static-root/image//comm/noimg_550.gif,
prod_oy_a000000209908,제로이드,제로이드 인텐시브 크림 토너 200ml,toner,,https://static.oliveyoung.co.kr/pc-static-root/image//comm/noimg_550.gif,
prod_oy_a000000210950,운스트라움,운스트라움 디 오리진 미스트 토너 150ml,toner,,https://static.oliveyoung.co.kr/pc-static-root/image//comm/noimg_550.gif,
prod_oy_a000000211218,믹순,믹순 병풀 토너 300ml,toner,,https://static.oliveyoung.co.kr/pc-static-root/image//comm/noimg_550.gif,
prod_oy_a000000211219,믹순,믹순 콩 토너 300ml,toner,,https://static.oliveyoung.co.kr/pc-static-root/image//comm/noimg_550.gif,
prod_oy_a000000211858,딕셔니스트,[결청소토너] 딕셔니스트 아미노산 토너 250ml *,toner,,https://static.oliveyoung.co.kr/pc-static-root/image//comm/noimg_550.gif,
prod_oy_a000000213385,더마라인,더마라인 디렉소 PDRN 솔루션 액티빙 토너 200ml,toner,,https://static.oliveyoung.co.kr/pc-static-root/image//comm/noimg_550.gif,
prod_oy_a000000213407,반코르,반코르 닥터 세라마이드 토너 150ml,toner,,https://static.oliveyoung.co.kr/pc-static-root/image//comm/noimg_550.gif,
prod_oy_a000000213950,연작,연작 카밍 앤 컴포팅 토너 150ml,toner,,https://static.oliveyoung.co.kr/pc-static-root/image//comm/noimg_550.gif,
prod_oy_a000000214034,바이오던스,바이오던스 퍼스트 시너지 토너 150ml,toner,,https://static.oliveyoung.co.kr/pc-static-root/image//comm/noimg_550.gif,
prod_oy_a000000214066,키엘,키엘 칼렌듈라 허벌 엑스트렉트 토너 125ml,toner,,https://static.oliveyoung.co.kr/pc-static-root/image//comm/noimg_550.gif,
prod_oy_a000000214179,키엘,키엘 울트라 훼이셜 토너 250ml,toner,,https://static.oliveyoung.co.kr/pc-static-root/image//comm/noimg_550.gif,
prod_oy_a000000214254,키엘,키엘 울트라 훼이셜 오일-프리 토너 250ml,toner,,https://static.oliveyoung.co.kr/pc-static-root/image//comm/noimg_550.gif,
prod_oy_a000000216459,마몽드,[모공부스터] 마몽드 포어 슈링커 바쿠치올 레티놀 토너 200ml,toner,,https://static.oliveyoung.co.kr/pc-static-root/image//comm/noimg_550.gif,
prod_oy_a000000216469,마몽드,[보습장벽] 마몽드 프로바이오틱스 세라마이드 스킨 소프너 200ml,toner,,https://static.oliveyoung.co.kr/pc-static-root/image//comm/noimg_550.gif,
prod_oy_a000000217777,닥터디퍼런트,닥터디퍼런트 스케일링 토너 (지성용) 300ml (AD),toner,,https://static.oliveyoung.co.kr/pc-static-root/image//comm/noimg_550.gif,
prod_oy_a000000219387,마몽드,[쿨링진정] 마몽드 카밍 샷 아줄렌 토너 300ml,toner,,https://static.oliveyoung.co.kr/pc-static-root/image//comm/noimg_550.gif,
prod_oy_a000000219966,몰바니,[초록진정] 몰바니 아티시카 리프레쉬 카밍 세럼 30ml,toner,,https://static.oliveyoung.co.kr/pc-static-root/image//comm/noimg_550.gif,
prod_oy_a000000219985,몰바니,몰바니 율피 엑소좀 모공 타이트닝 토너 150ml,toner,,https://static.oliveyoung.co.kr/pc-static-root/image//comm/noimg_550.gif,
prod_oy_a000000221331,마몽드,[수분광] 마몽드 플로라 글로우 로즈 워터 토너 300ml,toner,,https://static.oliveyoung.co.kr/pc-static-root/image//comm/noimg_550.gif,
prod_oy_a000000224040,아누아,아누아 라이스 70 글로우 밀키 토너 250ml,toner,,https://static.oliveyoung.co.kr/pc-static-root/image//comm/noimg_550.gif,
prod_oy_a000000225907,리엔케이,[NEW] 리엔케이 하이퍼 히알 플럼핑 토너 200ml,toner,,https://static.oliveyoung.co.kr/pc-static-root/image//comm/noimg_550.gif,
prod_oy_a000000227275,어나더페이스,[매끈물광&피지쓱싹] 어나더페이스 펩타테놀 수분 밸런스 토너 120ml,toner,,https://static.oliveyoung.co.kr/pc-static-root/image//comm/noimg_550.gif,
prod_oy_a000000227666,아비브,아비브 글루타치온좀 잡티 토너 스킨부스터 200ml,toner,,https://static.oliveyoung.co.kr/pc-static-root/image//comm/noimg_550.gif,
prod_oy_a000000228906,헤이네이처,[수호 PICK] 헤이네이처 어성초 스킨 모이스처라이저 토너 200ml,toner,,https://static.oliveyoung.co.kr/pc-static-root/image//comm/noimg_550.gif,
prod_oy_a000000229082,차앤박,[화잘먹토너] 차앤박 더마앤서 핑크토닝 PDRN 토너 200ml,toner,,https://static.oliveyoung.co.kr/pc-static-root/image//comm/noimg_550.gif,
prod_oy_a000000229463,디퍼,[수분진정/약산성] 디퍼 히알루론산 히알큐브 수분 토너 300ml,toner,,https://static.oliveyoung.co.kr/pc-static-root/image//comm/noimg_550.gif,
prod_oy_a000000229470,정샘물,[결정돈토너] 정샘물 에센셜 물 토너 200ml,toner,,https://static.oliveyoung.co.kr/pc-static-root/image//comm/noimg_550.gif,
prod_oy_a000000229723,LBB,[뿌리는 진정토너]LBB 모이스처라이징 프라임 토너 100ml,toner,,https://static.oliveyoung.co.kr/pc-static-root/image//comm/noimg_550.gif,
prod_oy_a000000231459,허블룸,[NEW/뿌리는토너미스트] 허블룸 콤부차 플랜트 바이옴 토너 150ml,toner,,https://static.oliveyoung.co.kr/pc-static-root/image//comm/noimg_550.gif,
prod_oy_a000000233002,미닉,[민감지성피부/유분케어] 미닉 노세범 블루 캐모마일 수분 토너 200ml,toner,,https://static.oliveyoung.co.kr/pc-static-root/image//comm/noimg_550.gif,
prod_oy_a000000233020,VT,[광채부스팅] VT 피디알엔 토너 250ml,toner,,https://static.oliveyoung.co.kr/pc-static-root/image//comm/noimg_550.gif,
prod_oy_a000000225217,더마팩토리,더마팩토리 나이아신아마이드 20% 세럼 30ml,serum,,https://static.oliveyoung.co.kr/pc-static-root/image//comm/noimg_550.gif,
prod_oy_a000000224494,셀라딕스,[조유리 PICK/트러블1등] 셀라딕스 트러블 세범 리밸런싱 131 앰플 30ml,serum,,https://static.oliveyoung.co.kr/pc-static-root/image//comm/noimg_550.gif,
prod_oy_a000000158615,디오디너리,[트러블모공] 디오디너리 나이아신아마이드 10% + 징크 1% 60ml,serum,,https://static.oliveyoung.co.kr/pc-static-root/image//comm/noimg_550.gif,
prod_oy_a000000157350,디오디너리,[트러블모공] 디오디너리 나이아신아마이드 10% + 징크 1% 30ml,serum,,https://static.oliveyoung.co.kr/pc-static-root/image//comm/noimg_550.gif,
prod_oy_a000000224025,셀리맥스,[모공탄력] 셀리맥스 더 비타 A 레티날 샷 타이트닝 부스터 15ml,serum,,https://static.oliveyoung.co.kr/pc-static-root/image//comm/noimg_550.gif,
prod_oy_a000000255624,코스알엑스,[결광]코스알엑스 더 블루 펩타이드 바쿠치올 플럼프 글로우 세럼 50ml,serum,,https://static.oliveyoung.co.kr/pc-static-root/image//comm/noimg_550.gif,
prod_oy_a000000214675,디어클레어스,[EGF최대함량/1등진정앰플] 클레어스 블루 유스 액티베이팅 드롭 50ml,serum,,https://static.oliveyoung.co.kr/pc-static-root/image//comm/noimg_550.gif,
prod_oy_a000000249582,제로이드,[6월 올영픽][붉은기 진정 앰플] 제로이드 핌프로브 카밍 앰플 30ml,serum,,https://static.oliveyoung.co.kr/pc-static-root/image//comm/noimg_550.gif,
prod_oy_a000000248589,톤28,[화잘먹] 톤28 해남404 글로우 크림앤세럼 50ml,serum,,https://static.oliveyoung.co.kr/pc-static-root/image//comm/noimg_550.gif,
prod_oy_a000000188711,조선미녀,[광채보습] 조선미녀 광채프로폴리스세럼 30ml,serum,,https://static.oliveyoung.co.kr/pc-static-root/image//comm/noimg_550.gif,
prod_oy_a000000149963,디오디너리,[입문자추천] 디오디너리 레티놀 0.2% 인 스쿠알란 30ml,serum,,https://static.oliveyoung.co.kr/pc-static-root/image//comm/noimg_550.gif,
prod_oy_a000000238406,믹순,[품절대란/수부지 화잘먹 세럼] 믹순 히알레배 포어 버블 세럼 70ml,serum,,https://static.oliveyoung.co.kr/pc-static-root/image//comm/noimg_550.gif,
prod_oy_a000000250281,아임프롬,[리뉴얼/촉촉진정] 아임프롬 머그워트 에센스 150ml,serum,,https://static.oliveyoung.co.kr/pc-static-root/image//comm/noimg_550.gif,
prod_oy_a000000141333,디오디너리,[노화케어] 디오디너리 매트릭실 10% + HA,serum,,https://static.oliveyoung.co.kr/pc-static-root/image//comm/noimg_550.gif,
prod_oy_a000000199206,바이오더마,바이오더마 하이드라비오 히알루+ 세럼 30ml,serum,,https://static.oliveyoung.co.kr/pc-static-root/image//comm/noimg_550.gif,
prod_oy_a000000243732,메이크프렘,[NEW/신상] 메이크프렘 NMN 퍼밍 엑스퍼트 앰플 50ml,serum,,https://static.oliveyoung.co.kr/pc-static-root/image//comm/noimg_550.gif,
prod_oy_a000000180890,코스알엑스,[트러블피지완화] 코스알엑스 더 나이아신아마이드 15 세럼 20ml,serum,,https://static.oliveyoung.co.kr/pc-static-root/image//comm/noimg_550.gif,
prod_oy_a000000209746,제로이드,제로이드 인텐시브 하이드레이팅 앰플 30ml,serum,,https://static.oliveyoung.co.kr/pc-static-root/image//comm/noimg_550.gif,
prod_oy_a000000149966,디오디너리,[중강도] 디오디너리 레티놀 0.5% 인 스쿠알란 30ml,serum,,https://static.oliveyoung.co.kr/pc-static-root/image//comm/noimg_550.gif,
prod_oy_a000000166013,라로슈포제,라로슈포제 에빠끌라 울트라 컨센트레이티드 세럼 30ml,serum,,https://static.oliveyoung.co.kr/pc-static-root/image//comm/noimg_550.gif,
prod_oy_a000000203925,라로슈포제,라로슈포제 멜라B3 세럼 30ml,serum,,https://static.oliveyoung.co.kr/pc-static-root/image//comm/noimg_550.gif,
prod_oy_a000000200328,디오디너리,[수분보습] 디오디너리 히알루로닉 애시드 2% + B5 60ml,serum,,https://static.oliveyoung.co.kr/pc-static-root/image//comm/noimg_550.gif,
prod_oy_a000000144035,폴라초이스,[모공컨트롤샷]폴라초이스 10% 나이아신아마이드 부스터 앰플 20ml,serum,,https://static.oliveyoung.co.kr/pc-static-root/image//comm/noimg_550.gif,
prod_oy_a000000203876,디마르3,[1등 모공앰플] 디마르3 시그니처 에스투드 프로텍터 모공 앰플 30ml,serum,,https://static.oliveyoung.co.kr/pc-static-root/image//comm/noimg_550.gif,
prod_oy_a000000235051,코스알엑스,코스알엑스 어드밴스드 더 비타민C 23 세럼 20g,serum,,https://static.oliveyoung.co.kr/pc-static-root/image//comm/noimg_550.gif,
prod_oy_a000000144177,미샤,미샤 비타씨플러스 잡티씨 탄력 앰플 40ml,serum,,https://static.oliveyoung.co.kr/pc-static-root/image//comm/noimg_550.gif,
prod_oy_a000000246575,톰,[보습장벽케어] 톰 히알루론산 부스트 앰플 50g,serum,,https://static.oliveyoung.co.kr/pc-static-root/image//comm/noimg_550.gif,
prod_oy_a000000239651,바이오힐보,[NEW/실프팅세럼] 바이오힐보 프로바이오덤 3D 리프팅 바이오톡실 PLGA 세럼 30ml,serum,,https://static.oliveyoung.co.kr/pc-static-root/image//comm/noimg_550.gif,
prod_oy_a000000192301,VT,[모공케어] VT 리들샷 700 에센스 30ml,serum,,https://static.oliveyoung.co.kr/pc-static-root/image//comm/noimg_550.gif,
prod_oy_a000000216836,파넬,[재구매1위/깐달걀세럼] 파넬 아하 오미자 도자기 워시오프 세럼 30ml,serum,,https://static.oliveyoung.co.kr/pc-static-root/image//comm/noimg_550.gif,
prod_oy_a000000210180,피토메르,피토메르 올리고포스 세럼 이드라땅 어드밴스드 30ml,serum,,https://static.oliveyoung.co.kr/pc-static-root/image//comm/noimg_550.gif,
prod_oy_a000000189544,VT,[모공/흡수] VT 리들샷 300 에센스 50ml,serum,,https://static.oliveyoung.co.kr/pc-static-root/image//comm/noimg_550.gif,
prod_oy_a000000257096,넘버즈인,넘버즈인 3번 보들보들 모공결 세럼 30ml,serum,,https://static.oliveyoung.co.kr/pc-static-root/image//comm/noimg_550.gif,
prod_oy_a000000161581,스킨1004,[누적판매 1700만]스킨1004 마다가스카르 센텔라 앰플 55ml,serum,,https://static.oliveyoung.co.kr/pc-static-root/image//comm/noimg_550.gif,
prod_oy_a000000228256,더마팩토리,더마팩토리 리얼베라 모공세럼 30ml,serum,,https://static.oliveyoung.co.kr/pc-static-root/image//comm/noimg_550.gif,
prod_oy_a000000244899,메디큐브,[10초물광/연어PDRN] 메디큐브 PDRN 핑크 콜라겐 버블 세럼 95ml,serum,,https://static.oliveyoung.co.kr/pc-static-root/image//comm/noimg_550.gif,
prod_oy_a000000202920,VT,[미백집중] VT 비타-라이트 리들샷 100 에센스 50ml,serum,,https://static.oliveyoung.co.kr/pc-static-root/image//comm/noimg_550.gif,
prod_oy_a000000225592,구달,[주름개선] 구달 청귤 비타C 나이아신아마이드 10 흔적 앰플 30ml,serum,,https://static.oliveyoung.co.kr/pc-static-root/image//comm/noimg_550.gif,
prod_oy_a000000222554,메이크프렘,[NEW/수분진정] 메이크프렘 히알 인테카 속수분 앰플 40ml,serum,,https://static.oliveyoung.co.kr/pc-static-root/image//comm/noimg_550.gif,
prod_oy_a000000213968,연작,연작 전초 컨센트레이트 40ml,serum,,https://static.oliveyoung.co.kr/pc-static-root/image//comm/noimg_550.gif,
prod_oy_a000000249735,동국제약,[6월 올영픽/색소 톤업] 동국제약 멜라-셋 기미 토닝 크리미 에센스 100ml,serum,,https://static.oliveyoung.co.kr/pc-static-root/image//comm/noimg_550.gif,
prod_oy_a000000254209,레이어랩,[기미잡티세럼] 레이어랩 기미흔적 클리어 세럼 30ml,serum,,https://static.oliveyoung.co.kr/pc-static-root/image//comm/noimg_550.gif,
prod_oy_a000000149970,디오디너리,[고강도] 디오디너리 레티놀 1% 인 스쿠알란 30ml,serum,,https://static.oliveyoung.co.kr/pc-static-root/image//comm/noimg_550.gif,
prod_oy_a000000252606,메디큐브,[리뉴얼/NEW] 메디큐브 제로 모공 원데이 펩타이드 세럼 30ml,serum,,https://static.oliveyoung.co.kr/pc-static-root/image//comm/noimg_550.gif,
prod_oy_a000000258445,퍼셀,퍼셀 20억/mL 픽셀바이옴 원액 55ml,serum,,https://static.oliveyoung.co.kr/pc-static-root/image//comm/noimg_550.gif,
prod_oy_a000000189953,피지오겔,[NEW] 피지오겔 사이언수티컬즈 데일리뮨 글로우 에센스 100ML,serum,,https://static.oliveyoung.co.kr/pc-static-root/image//comm/noimg_550.gif,
prod_oy_a000000231062,메디테라피,[피부결/흔적개선] 메디테라피 레티날 스킨 부스터 세럼 150ml,serum,,https://static.oliveyoung.co.kr/pc-static-root/image//comm/noimg_550.gif,
prod_oy_a000000253578,에이프릴스킨,[트러블진정/쿨링수분/화잘먹] 에이스 머그워트 센텔라 카밍 앰플,serum,,https://static.oliveyoung.co.kr/pc-static-root/image//comm/noimg_550.gif,
prod_oy_a000000219677,메디큐브에이지알,[고순도PDRN/디바이스 시너지템][NEW]메디큐브 에이지알 PDRN 부스터젤 300ml,serum,,https://static.oliveyoung.co.kr/pc-static-root/image//comm/noimg_550.gif,
prod_oy_a000000199982,웰라쥬,[화해1위/트러블] 웰라쥬 리얼 시카 카밍 95 트러블 앰플 50ml,serum,,https://static.oliveyoung.co.kr/pc-static-root/image//comm/noimg_550.gif,
prod_oy_a000000211084,반코르,[보습개선/진정]반코르 바쿠치올 5000ppm 모공결 주름결 세럼 슬로우에이징,serum,,https://static.oliveyoung.co.kr/pc-static-root/image//comm/noimg_550.gif,
prod_oy_a000000243620,닥터자르트,[NEW/화잘먹결광세럼] 닥터자르트 세라마이딘 스킨 베리어 모이스처 리커버리 세럼 30ml,serum,,https://static.oliveyoung.co.kr/pc-static-root/image//comm/noimg_550.gif,
prod_oy_a000000205643,메디힐,[1등/단품] 메디힐 마데카소사이드 흔적 리페어 세럼 40ml,serum,,https://static.oliveyoung.co.kr/pc-static-root/image//comm/noimg_550.gif,
prod_oy_a000000228599,메디힐,메디힐 PDRN 모공 탄력 세럼 40ml,serum,,https://static.oliveyoung.co.kr/pc-static-root/image//comm/noimg_550.gif,
prod_oy_a000000221651,테라로직,[주름탄력]테라로직 레티날 주름탄력 앰플 30ml,serum,,https://static.oliveyoung.co.kr/pc-static-root/image//comm/noimg_550.gif,
prod_oy_a000000208708,아누아,아누아 TXA 나이아신 흔적 세럼 30ml,serum,,https://static.oliveyoung.co.kr/pc-static-root/image//comm/noimg_550.gif,
prod_oy_a000000236324,러븀,러븀 그린 시트러스 비타민 씨 세럼 플러스 30ml,serum,,https://static.oliveyoung.co.kr/pc-static-root/image//comm/noimg_550.gif,
prod_oy_a000000159468,닥터디퍼런트,[잡티톤업/비타민C세럼] 닥터디퍼런트 CEQ 안티옥시던트 세럼 15ml,serum,,https://static.oliveyoung.co.kr/pc-static-root/image//comm/noimg_550.gif,
prod_oy_a000000184133,에스트라,[트러블세럼] 에스트라 테라크네365 액티브 세럼 30ml,serum,,https://static.oliveyoung.co.kr/pc-static-root/image//comm/noimg_550.gif,
prod_oy_a000000229464,디퍼,[수분광채/화잘먹세럼] 디퍼 히알루론산 히알큐브 세콜지 수분 세럼 50ml,serum,,https://static.oliveyoung.co.kr/pc-static-root/image//comm/noimg_550.gif,
prod_oy_a000000228328,토리든,토리든 셀메이징 저분자 콜라겐 모공 탄력 앰플 30ml,serum,,https://static.oliveyoung.co.kr/pc-static-root/image//comm/noimg_550.gif,
prod_oy_a000000203125,피지오겔,[광채 항산화] 피지오겔 사이언수티컬즈 데일리뮨 앰플 세럼 20ml,serum,,https://static.oliveyoung.co.kr/pc-static-root/image//comm/noimg_550.gif,
prod_oy_a000000219274,유세린,[리뉴얼] 유세린 하이알루론 부스팅 에센스 100ml,serum,,https://static.oliveyoung.co.kr/pc-static-root/image//comm/noimg_550.gif,
prod_oy_a000000225216,더마팩토리,더마팩토리 PDRN 4% 앰플 30ml,serum,,https://static.oliveyoung.co.kr/pc-static-root/image//comm/noimg_550.gif,
prod_oy_a000000176351,클라뷰,클라뷰 리얼 비건 저분자 콜라겐 탄력 앰플 30ml,serum,,https://static.oliveyoung.co.kr/pc-static-root/image//comm/noimg_550.gif,
prod_oy_a000000184772,닥터자르트,[워터젤리/수분에센스]닥터자르트 바이탈 하이드라 솔루션 하이드로 플럼프 트리트먼트 에센스 150ml,serum,,https://static.oliveyoung.co.kr/pc-static-root/image//comm/noimg_550.gif,
prod_oy_a000000239791,리터니티,[쫀쫀모공/NEW] 리터니티 율무 모공 앰플 40ml,serum,,https://static.oliveyoung.co.kr/pc-static-root/image//comm/noimg_550.gif,
prod_oy_a000000252119,코스노리,[NEW/장벽앰플] 코스노리 판테놀 베리어 앰플 10 50ml,serum,,https://static.oliveyoung.co.kr/pc-static-root/image//comm/noimg_550.gif,
prod_oy_a000000254543,닥터엘시아,닥터엘시아 345 릴리프 세럼 30ml,serum,,https://static.oliveyoung.co.kr/pc-static-root/image//comm/noimg_550.gif,
prod_oy_a000000183516,라로슈포제,라로슈포제 에빠끌라 AI 15ml,serum,,https://static.oliveyoung.co.kr/pc-static-root/image//comm/noimg_550.gif,
prod_oy_a000000165622,CKD,CKD 레티노콜라겐 저분자 300 콜라겐 펌핑 앰플 30ml,serum,,https://static.oliveyoung.co.kr/pc-static-root/image//comm/noimg_550.gif,
prod_oy_a000000235338,디마프,[원조버블세럼] 디마프 히어로 마이 퍼스트 세럼 a.k.a 만능기초 155ml,serum,,https://static.oliveyoung.co.kr/pc-static-root/image//comm/noimg_550.gif,
prod_oy_a000000154625,아이소이,[코어탄력크림] 아이소이 인텐시브 에너자이징 크림EX 30ml,serum,,https://static.oliveyoung.co.kr/pc-static-root/image//comm/noimg_550.gif,
prod_oy_a000000189328,파티온,파티온 노스카나인 트러블 흔적앰플 15ml,serum,,https://static.oliveyoung.co.kr/pc-static-root/image//comm/noimg_550.gif,
prod_oy_a000000252249,구달,[기미/흔적/색소침착] 구달 청귤 비타C E TXA 세럼 15ml,serum,,https://static.oliveyoung.co.kr/pc-static-root/image//comm/noimg_550.gif,
prod_oy_a000000149953,디오디너리,[항산화] 디오디너리 레스베라트롤 3% + 페룰릭 애시드 3% 30ml,serum,,https://static.oliveyoung.co.kr/pc-static-root/image//comm/noimg_550.gif,
prod_oy_a000000204880,AHC,AHC 콜라 쥬비네이션 리프트4 트리트먼트 에센스 130ml,serum,,https://static.oliveyoung.co.kr/pc-static-root/image//comm/noimg_550.gif,
prod_oy_a000000231366,아로셀,[5분요철진정] 아로셀 시카 리페어 판테놀 앰플 40ml,serum,,https://static.oliveyoung.co.kr/pc-static-root/image//comm/noimg_550.gif,
prod_oy_a000000229522,성분에디터,[모공타이트닝앰플/4중모공개선] 성분에디터 그린토마토 NMN 포어 리프팅 앰플 40ml,serum,,https://static.oliveyoung.co.kr/pc-static-root/image//comm/noimg_550.gif,
prod_oy_a000000227409,디오디너리,[브라이트닝] 디오디너리 알파 알부틴 2% + HA 60ml,serum,,https://static.oliveyoung.co.kr/pc-static-root/image//comm/noimg_550.gif,
prod_oy_a000000158929,빌리프,[수분잠금/워터젤에센스] 빌리프 뉴메로 10 에센스 75ml,serum,,https://static.oliveyoung.co.kr/pc-static-root/image//comm/noimg_550.gif,
prod_oy_a000000005336,바이오더마,바이오더마 하이드라비오 세럼 40ml,serum,,https://static.oliveyoung.co.kr/pc-static-root/image//comm/noimg_550.gif,
prod_oy_a000000243068,마미케어,[리뉴얼] 마미케어 바다포도 레티놀 모공앰플 50ml,serum,,https://static.oliveyoung.co.kr/pc-static-root/image//comm/noimg_550.gif,
prod_oy_a000000221943,닥터엘시아,닥터엘시아 젠틀 비타민 C 부스팅 세럼 30ml,serum,,https://static.oliveyoung.co.kr/pc-static-root/image//comm/noimg_550.gif,
prod_oy_a000000253635,차앤박,[모공타이트닝/NEW]차앤박 더마앤서 포어 퍼밍 앰플(NMN+PDRN),serum,,https://static.oliveyoung.co.kr/pc-static-root/image//comm/noimg_550.gif,
prod_oy_a000000235580,아리얼,[NEW] 더 에센셜 바이 아리얼 히알루로닉 13 세럼 60ml,serum,,https://static.oliveyoung.co.kr/pc-static-root/image//comm/noimg_550.gif,
prod_oy_a000000247097,닥터엘시아,[화잘먹버블세럼] 닥터엘시아 ABC 글로우 휩드 세럼 100ml,serum,,https://static.oliveyoung.co.kr/pc-static-root/image//comm/noimg_550.gif,
prod_oy_a000000206874,앰플엔,[트러블/과잉피지완화]앰플엔 아크네샷 앰플 30ml,serum,,https://static.oliveyoung.co.kr/pc-static-root/image//comm/noimg_550.gif,
prod_oy_a000000210867,에스트라,[수분앰플] 에스트라 아토베리어365 세라-히알 속수분 앰플 30ml,serum,,https://static.oliveyoung.co.kr/pc-static-root/image//comm/noimg_550.gif,
prod_oy_a000000248934,더마픽스,더마픽스 리얼콜라겐 텐션업 세럼 50ml,serum,,https://static.oliveyoung.co.kr/pc-static-root/image//comm/noimg_550.gif,
prod_oy_a000000251120,그라펜,[피지/모공케어] 그라펜 포어올킬 타이트닝 세럼 30ml,serum,,https://static.oliveyoung.co.kr/pc-static-root/image//comm/noimg_550.gif,
prod_oy_a000000228260,더마팩토리,더마팩토리 NMN 1% 리뉴잉 세럼 30ml,serum,,https://static.oliveyoung.co.kr/pc-static-root/image//comm/noimg_550.gif,
prod_oy_a000000162635,가히,[촉촉광채/톤리셋] 가히 블레미쉬 앰플 30ml,serum,,https://static.oliveyoung.co.kr/pc-static-root/image//comm/noimg_550.gif,
prod_oy_a000000224023,셀리맥스,[모공/탄력/결] 셀리맥스 더 비타 A 레티놀 샷 타이트닝 세럼 30ml,serum,,https://static.oliveyoung.co.kr/pc-static-root/image//comm/noimg_550.gif,
prod_oy_a000000208678,메디힐,메디힐 마데카소사이드 모공 리페어 스피큘 세럼 40ml,serum,,https://static.oliveyoung.co.kr/pc-static-root/image//comm/noimg_550.gif,
prod_oy_a000000247201,아벤느,아벤느 시칼파트 플러스 리페어 젤 30ml,serum,,https://static.oliveyoung.co.kr/pc-static-root/image//comm/noimg_550.gif,
prod_oy_a000000214629,앰플엔,앰플엔 히알루론샷 수분 앰플 100ml,serum,,https://static.oliveyoung.co.kr/pc-static-root/image//comm/noimg_550.gif,
prod_oy_a000000243477,아렌시아,[잡티 브레이크 / 강력토닝] 아렌시아 비타민 C 부스터 샷 30ml,serum,,https://static.oliveyoung.co.kr/pc-static-root/image//comm/noimg_550.gif,
prod_oy_a000000219286,디오디너리,[노화케어] 디오디너리 GF 15% 솔루션 30ml,serum,,https://static.oliveyoung.co.kr/pc-static-root/image//comm/noimg_550.gif,
prod_oy_a000000223183,스튜디오17,[수분광/수분충전] 스튜디오17 워터부스트 히알루론 수분세럼 80ml,serum,,https://static.oliveyoung.co.kr/pc-static-root/image//comm/noimg_550.gif,
prod_oy_a000000244213,바이오던스,바이오던스 하이드로 세라놀 세럼 30ml,serum,,https://static.oliveyoung.co.kr/pc-static-root/image//comm/noimg_550.gif,
prod_oy_a000000224244,풀리,[모공탄력] 풀리 그린 토마토 세럼 30ml,serum,,https://static.oliveyoung.co.kr/pc-static-root/image//comm/noimg_550.gif,
prod_oy_a000000224488,바이오힐보,[흔적진정] 바이오힐 보 판테셀 리페어 시카좀 앰플 30ml,serum,,https://static.oliveyoung.co.kr/pc-static-root/image//comm/noimg_550.gif,
prod_oy_a000000229644,리덴스,[잡티/미백] 리덴스 톤앤스팟 코렉터 앰플 30ml,serum,,https://static.oliveyoung.co.kr/pc-static-root/image//comm/noimg_550.gif,
prod_oy_a000000141323,디오디너리,[브라이트닝] 디오디너리 아스코빌 글루코사이드 솔루션 12% 30ml,serum,,https://static.oliveyoung.co.kr/pc-static-root/image//comm/noimg_550.gif,
prod_oy_a000000236981,주미소,주미소 나이아신아마이드 10% 세럼 40ml,serum,,https://static.oliveyoung.co.kr/pc-static-root/image//comm/noimg_550.gif,
prod_oy_a000000247185,듀이트리,[시카PDRN/장벽앰플] 듀이트리 AC 딥 장벽 진정 보습 앰플 60ml,serum,,https://static.oliveyoung.co.kr/pc-static-root/image//comm/noimg_550.gif,
prod_oy_a000000248051,마녀공장,[잡티세럼] 마녀공장 글루타치온 7 다크스팟 세럼 30ml,serum,,https://static.oliveyoung.co.kr/pc-static-root/image//comm/noimg_550.gif,
prod_oy_a000000245740,휩드,[보습광채] 휩드 무화버터 비건 휘핑 버블 세럼 92ml,serum,,https://static.oliveyoung.co.kr/pc-static-root/image//comm/noimg_550.gif,
prod_oy_a000000211059,아누아,[톤업세럼] 아누아 복숭아 나이아신아마이드 세럼 30mL,serum,,https://static.oliveyoung.co.kr/pc-static-root/image//comm/noimg_550.gif,
prod_oy_a000000203126,디오디너리,[고강도탄력] 디오디너리 레티날 0.2% 에멀전 15ml,serum,,https://static.oliveyoung.co.kr/pc-static-root/image//comm/noimg_550.gif,
prod_oy_a000000232961,나노레시피,나노레시피 디-판테놀 75% 앰플 33g,serum,,https://static.oliveyoung.co.kr/pc-static-root/image//comm/noimg_550.gif,
prod_oy_a000000103391,코스알엑스,[보습광채] 코스알엑스 어드벤스드 스네일 96 뮤신 파워 에센스 100ml,serum,,https://static.oliveyoung.co.kr/pc-static-root/image//comm/noimg_550.gif,
prod_oy_a000000180892,코스알엑스,코스알엑스 더 히알루론산 3 세럼 20ml,serum,,https://static.oliveyoung.co.kr/pc-static-root/image//comm/noimg_550.gif,
prod_oy_a000000202905,주미소,[항산화/광채케어]주미소 안티옥시던트 글로우 수분광채 에센스 40ml,serum,,https://static.oliveyoung.co.kr/pc-static-root/image//comm/noimg_550.gif,
prod_oy_a000000254803,앰플엔,[NEW 탄력스피큘] 앰플엔 하이퍼샷 펩타이드 앰플 50ml,serum,,https://static.oliveyoung.co.kr/pc-static-root/image//comm/noimg_550.gif,
prod_oy_a000000162783,원씽,[수분진정/젤세럼] 원씽 병풀 수분 세럼 80ml,serum,,https://static.oliveyoung.co.kr/pc-static-root/image//comm/noimg_550.gif,
prod_oy_a000000141313,디오디너리,[노화케어] 디오디너리 아지렐린 솔루션 10% 30ml,serum,,https://static.oliveyoung.co.kr/pc-static-root/image//comm/noimg_550.gif,
prod_oy_a000000205644,메디힐,메디힐 티트리 진정 수분 세럼 40ml,serum,,https://static.oliveyoung.co.kr/pc-static-root/image//comm/noimg_550.gif,
prod_oy_a000000224104,메디힐,메디힐 콜라겐 탄력 볼륨 세럼 40ml,serum,,https://static.oliveyoung.co.kr/pc-static-root/image//comm/noimg_550.gif,
prod_oy_a000000147122,린제이,린제이 엄청 큰 AC컨트롤 멀티 앰플 (500ml),serum,,https://static.oliveyoung.co.kr/pc-static-root/image//comm/noimg_550.gif,
prod_oy_a000000232476,VT,VT 리들샷 100 에센스 10ml,serum,,https://static.oliveyoung.co.kr/pc-static-root/image//comm/noimg_550.gif,
prod_oy_a000000115496,달팡,달팡 하이드라스킨 세럼 30ml,serum,,https://static.oliveyoung.co.kr/pc-static-root/image//comm/noimg_550.gif,
prod_oy_a000000119141,썸바이미,썸바이미 아하 바하 파하 30데이즈 미라클 세럼 50ml,serum,,https://static.oliveyoung.co.kr/pc-static-root/image//comm/noimg_550.gif,
prod_oy_a000000137017,마녀공장,마녀공장 비피다 바이옴 콤플렉스 앰플 30ml,serum,,https://static.oliveyoung.co.kr/pc-static-root/image//comm/noimg_550.gif,
prod_oy_a000000141301,디오디너리,[수분보습] 디오디너리 아미노 애씨즈 + B5 30ml,serum,,https://static.oliveyoung.co.kr/pc-static-root/image//comm/noimg_550.gif,
prod_oy_a000000141306,디오디너리,[각질쓱싹] 디오디너리 만델릭 애시드 10% + HA 30ml,serum,,https://static.oliveyoung.co.kr/pc-static-root/image//comm/noimg_550.gif,
prod_oy_a000000141307,디오디너리,[수분보습] 디오디너리 마린 히알루로닉스 30ml,serum,,https://static.oliveyoung.co.kr/pc-static-root/image//comm/noimg_550.gif,
prod_oy_a000000144051,폴라초이스,폴라초이스 스킨 퍼펙팅 8% 아하 젤 각질제거제 100ml,serum,,https://static.oliveyoung.co.kr/pc-static-root/image//comm/noimg_550.gif,
prod_oy_a000000144119,애즈이즈투비,애즈이즈투비 마린 콜라겐 81 세럼 50ml,serum,,https://static.oliveyoung.co.kr/pc-static-root/image//comm/noimg_550.gif,
prod_oy_a000000146938,얼트루,얼트루 아임쏘리포마이스킨 릴렉싱 앰플 30ml,serum,,https://static.oliveyoung.co.kr/pc-static-root/image//comm/noimg_550.gif,
prod_oy_a000000147077,린제이,린제이 엄청 큰 보습 멀티 앰플 (500ml),serum,,https://static.oliveyoung.co.kr/pc-static-root/image//comm/noimg_550.gif,
prod_oy_a000000147121,린제이,린제이 엄청 큰 영양 멀티 앰플 (500ml),serum,,https://static.oliveyoung.co.kr/pc-static-root/image//comm/noimg_550.gif,
prod_oy_a000000150519,썸바이미,썸바이미 아하.바하.파하 30데이즈 미라클 크림 60g,serum,,https://static.oliveyoung.co.kr/pc-static-root/image//comm/noimg_550.gif,
prod_oy_a000000150818,아크네스,[수부지산뜻진정] 아크네스 모이스처 크림 60ml,serum,,https://static.oliveyoung.co.kr/pc-static-root/image//comm/noimg_550.gif,
prod_oy_a000000152786,엠브리올리스,엠브리올리스 하이드라 세럼 30ml,serum,,https://static.oliveyoung.co.kr/pc-static-root/image//comm/noimg_550.gif,
prod_oy_a000000153412,닥터자르트,닥터자르트 포어레미디 파하 익스폴리에이팅 세럼 30ml,serum,,https://static.oliveyoung.co.kr/pc-static-root/image//comm/noimg_550.gif,
prod_oy_a000000153893,아이소이,[속보습/100시간] 아이소이 모이스춰닥터 장수진 수분앰플 40ml,serum,,https://static.oliveyoung.co.kr/pc-static-root/image//comm/noimg_550.gif,
prod_oy_a000000154263,앰플엔,[민감피부진정] 앰플엔 센텔카밍샷 시카진정앰플 100ml,serum,,https://static.oliveyoung.co.kr/pc-static-root/image//comm/noimg_550.gif,
prod_oy_a000000154264,앰플엔,[녹는실앰플] 앰플엔 펩타이드샷 2X 모공탄력앰플 100ml,serum,,https://static.oliveyoung.co.kr/pc-static-root/image//comm/noimg_550.gif,
prod_oy_a000000154626,달팡,달팡 인트랄 액티브 스태빌라이징 로션 100ml,serum,,https://static.oliveyoung.co.kr/pc-static-root/image//comm/noimg_550.gif,
prod_oy_a000000154959,제이엠솔루션,제이엠솔루션 릴리프 약산성 약쑥 앰플 50ml,serum,,https://static.oliveyoung.co.kr/pc-static-root/image//comm/noimg_550.gif,
prod_oy_a000000158299,잇츠스킨,잇츠스킨 파워 10 포뮬라 엘아이 이펙터 감초줄렌 30ml(AD),serum,,https://static.oliveyoung.co.kr/pc-static-root/image//comm/noimg_550.gif,
prod_oy_a000000158309,믹순,믹순 순디 병풀 에센스 100ml,serum,,https://static.oliveyoung.co.kr/pc-static-root/image//comm/noimg_550.gif,
prod_oy_a000000158312,믹순,믹순 비피다 발효 에센스 100ml,serum,,https://static.oliveyoung.co.kr/pc-static-root/image//comm/noimg_550.gif,
prod_oy_a000000162387,미구하라,미구하라 울트라 화이트닝 퍼펙트 앰플 50ml,serum,,https://static.oliveyoung.co.kr/pc-static-root/image//comm/noimg_550.gif,
prod_oy_a000000163735,더마펌,[보습장벽] 더마펌 바이오 코렉션 앰플 세라-드롭 M4 50ml,serum,,https://static.oliveyoung.co.kr/pc-static-root/image//comm/noimg_550.gif,
prod_oy_a000000163763,더파이에센셜,[디렉터파이 MADE] 더파이 시카알란 퍼스트 에센스 150ml,serum,,https://static.oliveyoung.co.kr/pc-static-root/image//comm/noimg_550.gif,
prod_oy_a000000164310,달팡,달팡 인트랄 이너유쓰 레스큐 세럼 30ml,serum,,https://static.oliveyoung.co.kr/pc-static-root/image//comm/noimg_550.gif,
prod_oy_a000000168272,미구하라,미구하라 울트라 화이트닝 퍼스트 에센스 오리진 120ml,serum,,https://static.oliveyoung.co.kr/pc-static-root/image//comm/noimg_550.gif,
prod_oy_a000000170016,피캄,"[4중 모공 개선/병풀추출물 7,793ppm] 피캄 포시카 앰플 30ml",serum,,https://static.oliveyoung.co.kr/pc-static-root/image//comm/noimg_550.gif,
prod_oy_a000000170312,에스네이처,[1등 화잘먹 물먹세럼] 에스네이처 아쿠아 스쿠알란 세럼 50ml,serum,,https://static.oliveyoung.co.kr/pc-static-root/image//comm/noimg_550.gif,
prod_oy_a000000171416,스킨앤랩,[장벽강화] 스킨앤랩 베리어덤 밀키 세럼 50ml,serum,,https://static.oliveyoung.co.kr/pc-static-root/image//comm/noimg_550.gif,
prod_oy_a000000172156,루트리,루트리 오디베리 5중 모공 리파이닝 앰플 50ml,serum,,https://static.oliveyoung.co.kr/pc-static-root/image//comm/noimg_550.gif,
prod_oy_a000000172208,수페,수페 버치 리치 오리진 앰플 100ml,serum,,https://static.oliveyoung.co.kr/pc-static-root/image//comm/noimg_550.gif,
prod_oy_a000000172209,수페,수페 버치 리치 오리진 에센스 150ml,serum,,https://static.oliveyoung.co.kr/pc-static-root/image//comm/noimg_550.gif,
prod_oy_a000000172912,스킨푸드,[비건/잡티케어] 스킨푸드 유자씨 잡티 맑음 세럼 50ml,serum,,https://static.oliveyoung.co.kr/pc-static-root/image//comm/noimg_550.gif,
prod_oy_a000000174028,디오디너리,[노화케어] 디오디너리 멀티-펩타이드 + HA 세럼 60ml,serum,,https://static.oliveyoung.co.kr/pc-static-root/image//comm/noimg_550.gif,
prod_oy_a000000174304,유리아쥬,[수분탄력에센스] 유리아쥬 글로우업 오 에센스 100ml,serum,,https://static.oliveyoung.co.kr/pc-static-root/image//comm/noimg_550.gif,
prod_oy_a000000174719,로벡틴,[응급진정/흔적케어]로벡틴 시카케어 클리어링 앰플 30ml,serum,,https://static.oliveyoung.co.kr/pc-static-root/image//comm/noimg_550.gif,
prod_oy_a000000174751,토리든,토리든 솔리드인 세라마이드 올데이 에센스 100ml,serum,,https://static.oliveyoung.co.kr/pc-static-root/image//comm/noimg_550.gif,
prod_oy_a000000176954,에스티로더,에스티 로더 마이크로 에센스 트리트먼트 로션 100ml,serum,,https://static.oliveyoung.co.kr/pc-static-root/image//comm/noimg_550.gif,
prod_oy_a000000177475,프랭클리,[모공임상] 프랭클리 모공축소 클로저 세럼 30ml 앰플,serum,,https://static.oliveyoung.co.kr/pc-static-root/image//comm/noimg_550.gif,
prod_oy_a000000180919,숨37,숨37 마이크로 액티브 리페어 세럼 50ml,serum,,https://static.oliveyoung.co.kr/pc-static-root/image//comm/noimg_550.gif,
prod_oy_a000000181125,스킨푸드,[도토리앰플] 스킨푸드 도토리 모공 탄력 앰플 55ml,serum,,https://static.oliveyoung.co.kr/pc-static-root/image//comm/noimg_550.gif,
prod_oy_a000000181633,눅스,[광채잡티세럼]눅스 슈퍼 세럼 10 30ml,serum,,https://static.oliveyoung.co.kr/pc-static-root/image//comm/noimg_550.gif,
prod_oy_a000000182300,에필로우,에필로우 차가버섯 비피다 바이옴 매끈결 모공 앰플 50ml,serum,,https://static.oliveyoung.co.kr/pc-static-root/image//comm/noimg_550.gif,
prod_oy_a000000182387,디오디너리,[진정] 디오디너리 알로에 2% + NAG 2% 솔루션 30ml,serum,,https://static.oliveyoung.co.kr/pc-static-root/image//comm/noimg_550.gif,
prod_oy_a000000182815,셀퓨전씨,[토닝빛세럼/슬로우에이징] 셀퓨전씨 토닝 C 잡티세럼 30ml,serum,,https://static.oliveyoung.co.kr/pc-static-root/image//comm/noimg_550.gif,
prod_oy_a000000184941,이즈앤트리,[NCT 재민PICK] 이즈앤트리 초저분자 히아루론산 세럼 50ml,serum,,https://static.oliveyoung.co.kr/pc-static-root/image//comm/noimg_550.gif,
prod_oy_a000000184963,몰바니,몰바니 율피 포어 타이트닝 세럼 50ml,serum,,https://static.oliveyoung.co.kr/pc-static-root/image//comm/noimg_550.gif,
prod_oy_a000000186997,닥터오라클,[화해어워드 1위/모공앰플] 닥터오라클 레티노타이트닝 비타민A 레티놀 앰플 50ml,serum,,https://static.oliveyoung.co.kr/pc-static-root/image//comm/noimg_550.gif,
prod_oy_a000000188005,일소,[모공탄력] 일소 모링가 타이트닝 포어 세럼 30ml,serum,,https://static.oliveyoung.co.kr/pc-static-root/image//comm/noimg_550.gif,
prod_oy_a000000188206,디오디너리,[노화케어] 디오디너리 멀티-펩타이드 + 카퍼 펩타이즈 1% 세럼 30ml,serum,,https://static.oliveyoung.co.kr/pc-static-root/image//comm/noimg_550.gif,
prod_oy_a000000188560,조선미녀,[피부톤업] 조선미녀 쌀겨수맑은세럼 30ml,serum,,https://static.oliveyoung.co.kr/pc-static-root/image//comm/noimg_550.gif,
prod_oy_a000000189054,에스트라,에스트라 리제덤365 모공탄력 캡슐세럼 30ml,serum,,https://static.oliveyoung.co.kr/pc-static-root/image//comm/noimg_550.gif,
prod_oy_a000000189768,메디필,[모공플럼핑 수분앰플] 메디필 히알루론산 레이어 물톡스 앰플 30ml,serum,,https://static.oliveyoung.co.kr/pc-static-root/image//comm/noimg_550.gif,
prod_oy_a000000189956,피캄,[박지현 PICK/7일 모공개선] 피캄 레티놀라겐 앰플 30ml,serum,,https://static.oliveyoung.co.kr/pc-static-root/image//comm/noimg_550.gif,
prod_oy_a000000190370,어퓨,어퓨 마데카소사이드 테트라좀시카 앰플 50ml,serum,,https://static.oliveyoung.co.kr/pc-static-root/image//comm/noimg_550.gif,
prod_oy_a000000190948,어바웃미,어바웃미 숲 진정 수분 세럼 50ml,serum,,https://static.oliveyoung.co.kr/pc-static-root/image//comm/noimg_550.gif,
prod_oy_a000000191663,디오디너리,[진정] 디오디너리 수딩 앤 배리어 서포트 세럼 30ml,serum,,https://static.oliveyoung.co.kr/pc-static-root/image//comm/noimg_550.gif,
prod_oy_a000000191821,디마르3,[잡티케어] 디마르3 에트셀 멜라토닉 앰플 70ml,serum,,https://static.oliveyoung.co.kr/pc-static-root/image//comm/noimg_550.gif,
prod_oy_a000000192059,맥,MAC 하이퍼 리얼 세러마이저,serum,,https://static.oliveyoung.co.kr/pc-static-root/image//comm/noimg_550.gif,
prod_oy_a000000192218,SNP,SNP 골드 콜라겐 엑스퍼트 앰플 50ml,serum,,https://static.oliveyoung.co.kr/pc-static-root/image//comm/noimg_550.gif,
prod_oy_a000000192699,메디힐,메디힐 비타민씨 브라이트닝 세럼 40ml,serum,,https://static.oliveyoung.co.kr/pc-static-root/image//comm/noimg_550.gif,
prod_oy_a000000197640,닥터멜락신,닥터멜락신 아쿠아 이온 플라즈마 수분 앰플 50ml,serum,,https://static.oliveyoung.co.kr/pc-static-root/image//comm/noimg_550.gif,
prod_oy_a000000197985,썸바이미,썸바이미 레티놀 인텐스 리엑티베이팅 세럼 30ml,serum,,https://static.oliveyoung.co.kr/pc-static-root/image//comm/noimg_550.gif,
prod_oy_a000000198624,비레디,[트러블 진정+모공 축소] 시카페인 트러블 리셋 세럼,serum,,https://static.oliveyoung.co.kr/pc-static-root/image//comm/noimg_550.gif,
prod_oy_a000000198832,테라로직,테라로직 피토세라 프로 안티옥시던트 10X 탄력앰플 50ml,serum,,https://static.oliveyoung.co.kr/pc-static-root/image//comm/noimg_550.gif,
prod_oy_a000000228257,더마팩토리,더마팩토리 트라넥삼산 6% 크림 30ml,cream,,https://static.oliveyoung.co.kr/pc-static-root/image//comm/noimg_550.gif,
prod_oy_a000000255444,에스트라,[업그레이드] 에스트라 아토베리어365 하이드로 수딩크림 80ml,cream,,https://static.oliveyoung.co.kr/pc-static-root/image//comm/noimg_550.gif,
prod_oy_a000000224733,아이디플라코스메틱,[리뉴얼] 아이디플라코스메틱 엑소브이 프로리프팅 크림 50ml,cream,,https://static.oliveyoung.co.kr/pc-static-root/image//comm/noimg_550.gif,
prod_oy_a000000258038,리쥬란,[엑소좀PDRN] 리쥬란 포어 타이트닝 크림 50ml,cream,,https://static.oliveyoung.co.kr/pc-static-root/image//comm/noimg_550.gif,
prod_oy_a000000206212,메디큐브,메디큐브 제로 모공 원데이 크림 50ml,cream,,https://static.oliveyoung.co.kr/pc-static-root/image//comm/noimg_550.gif,
prod_oy_a000000228390,잇츠스킨,[청담샵톤업/멀티톤업] 잇츠스킨 시크릿 솔루션 웨딩 드레스 퓨어 크림 100ml,cream,,https://static.oliveyoung.co.kr/pc-static-root/image//comm/noimg_550.gif,
prod_oy_a000000225127,코스알엑스,[보습장벽크림] 코스알엑스 더 세라마이드 스킨 베리어 모이스처라이저 80ml,cream,,https://static.oliveyoung.co.kr/pc-static-root/image//comm/noimg_550.gif,
prod_oy_a000000257834,퍼셀,퍼셀 80억/mL 글루타치온 TXA 캡슐 크림 80ml,cream,,https://static.oliveyoung.co.kr/pc-static-root/image//comm/noimg_550.gif,
prod_oy_a000000128084,에르쯔틴,에르쯔틴 리제너레이티브 실트 크림 50g,cream,,https://static.oliveyoung.co.kr/pc-static-root/image//comm/noimg_550.gif,
prod_oy_a000000257656,오휘,[NEW] 오휘 익스트림 화이트 나이아신아마이드 10% TX 멜라토닝 크림 60ml,cream,,https://static.oliveyoung.co.kr/pc-static-root/image//comm/noimg_550.gif,
prod_oy_a000000249580,제로이드,[트러블 피부 추천/약산성 장벽 케어] 제로이드 핌프로브 레드 컨트롤 크림 pH4 80ml,cream,,https://static.oliveyoung.co.kr/pc-static-root/image//comm/noimg_550.gif,
prod_oy_a000000145286,닥터디퍼런트,[매끈탱탱/레티날0.1%] 닥터디퍼런트 비타리프트-A 포르테 크림 20g,cream,,https://static.oliveyoung.co.kr/pc-static-root/image//comm/noimg_550.gif,
prod_oy_a000000188831,조선미녀,조선미녀 조선미녀크림 50ml,cream,,https://static.oliveyoung.co.kr/pc-static-root/image//comm/noimg_550.gif,
prod_oy_a000000147109,유세린,[보습장벽크림] 유세린 우레아 리페어 크림 50ml,cream,,https://static.oliveyoung.co.kr/pc-static-root/image//comm/noimg_550.gif,
prod_oy_a000000257289,NDP,NDP 비타민 B9 톤업 미백 크림 65ml,cream,,https://static.oliveyoung.co.kr/pc-static-root/image//comm/noimg_550.gif,
prod_oy_a000000180543,코스알엑스,코스알엑스 더 레티놀 0.1 크림 20ml,cream,,https://static.oliveyoung.co.kr/pc-static-root/image//comm/noimg_550.gif,
prod_oy_a000000169480,아비브,[24시간수분잠금] 아비브 수분초 히알루론 크림 하이드레이팅 팟 80ml,cream,,https://static.oliveyoung.co.kr/pc-static-root/image//comm/noimg_550.gif,
prod_oy_a000000211085,오드로이,[화잘먹크림] 오드로이 모공수축크림 로프디 모공타이트닝 100ml,cream,,https://static.oliveyoung.co.kr/pc-static-root/image//comm/noimg_550.gif,
prod_oy_a000000208331,바이오더마,바이오더마 시카비오 크림+ 40ml(딥 리페어 크림),cream,,https://static.oliveyoung.co.kr/pc-static-root/image//comm/noimg_550.gif,
prod_oy_a000000182685,에스트라,[트러블로션] 에스트라 테라크네365 수딩 액티브 모이스처라이저 60ml,cream,,https://static.oliveyoung.co.kr/pc-static-root/image//comm/noimg_550.gif,
prod_oy_a000000208491,이지듀,이지듀 EGF 글루타치온 기미잡티 크림 105ml,cream,,https://static.oliveyoung.co.kr/pc-static-root/image//comm/noimg_550.gif,
prod_oy_a000000254006,쥬베룩,쥬베룩 PDLLA 프로텍팅 크림 50ml,cream,,https://static.oliveyoung.co.kr/pc-static-root/image//comm/noimg_550.gif,
prod_oy_a000000248587,톤28,[시카크림] 톤28 해남404 새벽크림 센텔라 아시아티카 크림 50g,cream,,https://static.oliveyoung.co.kr/pc-static-root/image//comm/noimg_550.gif,
prod_oy_a000000228346,토리든,토리든 솔리드인 세라마이드 크림 70ml,cream,,https://static.oliveyoung.co.kr/pc-static-root/image//comm/noimg_550.gif,
prod_oy_a000000213409,반코르,[색소침착 진정크림] 덱스판테놀17만ppm 장벽크림,cream,,https://static.oliveyoung.co.kr/pc-static-root/image//comm/noimg_550.gif,
prod_oy_a000000145331,닥터디퍼런트,[세라마이드/장벽크림] 닥터디퍼런트 311 세콜지 모이스처라이저 100ml,cream,,https://static.oliveyoung.co.kr/pc-static-root/image//comm/noimg_550.gif,
prod_oy_a000000149138,이즈앤트리,이즈앤트리 히아루론산 아쿠아 젤 크림 100ml,cream,,https://static.oliveyoung.co.kr/pc-static-root/image//comm/noimg_550.gif,
prod_oy_a000000117807,바이오더마,바이오더마 하이드라비오 크림 50ml,cream,,https://static.oliveyoung.co.kr/pc-static-root/image//comm/noimg_550.gif,
prod_oy_a000000224243,풀리,[모공축소] 풀리 그린 토마토 크림 90ml,cream,,https://static.oliveyoung.co.kr/pc-static-root/image//comm/noimg_550.gif,
prod_oy_a000000206312,피캄,[트러블부위 진정케어] 피캄 센텔라 트러블 스팟 15ml,cream,,https://static.oliveyoung.co.kr/pc-static-root/image//comm/noimg_550.gif,
prod_oy_a000000255625,코스알엑스,코스알엑스 더 블루 펩타이드 바쿠치올 플럼프 바운스 크림 50g,cream,,https://static.oliveyoung.co.kr/pc-static-root/image//comm/noimg_550.gif,
prod_oy_a000000198721,아비브,[쿨링진정] 아비브 어성초 크림 카밍 튜브 75ml,cream,,https://static.oliveyoung.co.kr/pc-static-root/image//comm/noimg_550.gif,
prod_oy_a000000175198,닥터자르트,[보습크림] 닥터자르트 세라마이딘 스킨 베리어 모이스처라이징 크림 50ml,cream,,https://static.oliveyoung.co.kr/pc-static-root/image//comm/noimg_550.gif,
prod_oy_a000000230344,지피덤,[장벽탄력/속건조] 지피덤 셀트리온EGF 스킨베리어 하이드레이팅 수분크림 80ml,cream,,https://static.oliveyoung.co.kr/pc-static-root/image//comm/noimg_550.gif,
prod_oy_a000000232185,피지오겔,피지오겔 DMT 페이셜 보습장벽 크림 150ml,cream,,https://static.oliveyoung.co.kr/pc-static-root/image//comm/noimg_550.gif,
prod_oy_a000000249736,동국제약,[6월 올영픽/기미톤업제] 동국제약 멜라-셋 기미 토닝 크림 35g,cream,,https://static.oliveyoung.co.kr/pc-static-root/image//comm/noimg_550.gif,
prod_oy_a000000251651,닥터지,[3세대 리뉴얼] 닥터지 레드 블레미쉬 클리어 수딩 크림 EX 70ml,cream,,https://static.oliveyoung.co.kr/pc-static-root/image//comm/noimg_550.gif,
prod_oy_a000000016808,유세린,유세린 볼륨리프팅 나이트 크림 50ml,cream,,https://static.oliveyoung.co.kr/pc-static-root/image//comm/noimg_550.gif,
prod_oy_a000000163689,비플레인,[트러블케어/스팟진정] 비플레인 시카테롤 스팟 트리트먼트 15ml,cream,,https://static.oliveyoung.co.kr/pc-static-root/image//comm/noimg_550.gif,
prod_oy_a000000162415,셀퓨전씨,[1등수분밀착크림/민감피부개선] 셀퓨전씨 약산성 패리어 수분 크림 80ml,cream,,https://static.oliveyoung.co.kr/pc-static-root/image//comm/noimg_550.gif,
prod_oy_a000000210452,라돌프,[피지캐는크림] 라돌프 퓨어파지 크림 알엑스 80g,cream,,https://static.oliveyoung.co.kr/pc-static-root/image//comm/noimg_550.gif,
prod_oy_a000000235581,아리얼,[NEW] 더 에센셜 바이 아리얼 히알루로닉 13 크림 100ml,cream,,https://static.oliveyoung.co.kr/pc-static-root/image//comm/noimg_550.gif,
prod_oy_a000000145333,닥터디퍼런트,[산뜻/지성크림] 닥터디퍼런트 113 세콜지 모이스처라이저 100ml,cream,,https://static.oliveyoung.co.kr/pc-static-root/image//comm/noimg_550.gif,
prod_oy_a000000156146,헤이네이처,헤이네이처 어성초 크림 80g,cream,,https://static.oliveyoung.co.kr/pc-static-root/image//comm/noimg_550.gif,
prod_oy_a000000250781,더마픽스,더마픽스 리얼콜라겐 텐션업 앰플크림 50g,cream,,https://static.oliveyoung.co.kr/pc-static-root/image//comm/noimg_550.gif,
prod_oy_a000000145332,닥터디퍼런트,[탄력/보습크림] 닥터디퍼런트 131 세콜지 모이스처라이저 100ml,cream,,https://static.oliveyoung.co.kr/pc-static-root/image//comm/noimg_550.gif,
prod_oy_a000000214636,앰플엔,앰플엔 히알루론샷 수분 크림 60ml,cream,,https://static.oliveyoung.co.kr/pc-static-root/image//comm/noimg_550.gif,
prod_oy_a000000161805,라로슈포제,라로슈포제 똘러리앙 덤알레르고 크림 40ml,cream,,https://static.oliveyoung.co.kr/pc-static-root/image//comm/noimg_550.gif,
prod_oy_a000000209747,제로이드,제로이드 수딩 크림 80ml,cream,,https://static.oliveyoung.co.kr/pc-static-root/image//comm/noimg_550.gif,
prod_oy_a000000238669,닥터엘시아,[장원영PICK] 닥터엘시아 345 릴리프 크림 50ml,cream,,https://static.oliveyoung.co.kr/pc-static-root/image//comm/noimg_550.gif,
prod_oy_a000000163687,비플레인,[수분진정] 비플레인 시카테롤 크림 60ml,cream,,https://static.oliveyoung.co.kr/pc-static-root/image//comm/noimg_550.gif,
prod_oy_a000000161804,라로슈포제,라로슈포제 똘러리앙 덤알레르고 플루이드 40ml,cream,,https://static.oliveyoung.co.kr/pc-static-root/image//comm/noimg_550.gif,
prod_oy_a000000229455,셀라딕스,셀라딕스 트러블 세라 캡슐 131 크림 95ml,cream,,https://static.oliveyoung.co.kr/pc-static-root/image//comm/noimg_550.gif,
prod_oy_a000000126470,유세린,[장벽크림] 유세린 울트라 센서티브 리페어 크림 50ml,cream,,https://static.oliveyoung.co.kr/pc-static-root/image//comm/noimg_550.gif,
prod_oy_a000000231300,토니모리,토니모리 원더 세라마이드 모찌 수분 크림 300ml,cream,,https://static.oliveyoung.co.kr/pc-static-root/image//comm/noimg_550.gif,
prod_oy_a000000246414,닥터자르트,[리뉴얼/10겹장벽크림] 닥터자르트 세라마이딘 울트라 모이스처라이징 크림 50ml,cream,,https://static.oliveyoung.co.kr/pc-static-root/image//comm/noimg_550.gif,
prod_oy_a000000186131,메디큐브,메디큐브 레드 이레이징 크림 2.0 50ml,cream,,https://static.oliveyoung.co.kr/pc-static-root/image//comm/noimg_550.gif,
prod_oy_a000000231465,밀크터치,밀크터치 서양송악 그린히알루론 6초 수분 크림 50g,cream,,https://static.oliveyoung.co.kr/pc-static-root/image//comm/noimg_550.gif,
prod_oy_a000000249381,메디큐브,[리뉴얼/여배우광크림]메디큐브 PDRN 핑크 콜라겐 캡슐크림 55g,cream,,https://static.oliveyoung.co.kr/pc-static-root/image//comm/noimg_550.gif,
prod_oy_a000000252669,SVR,[손상피부개선]SVR 시카비트+ 크림 HPPI 40ml,cream,,https://static.oliveyoung.co.kr/pc-static-root/image//comm/noimg_550.gif,
prod_oy_a000000224027,셀리맥스,"[흔적,기미,미백/TXA] 셀리맥스 트라넥삼산 잡티 크림 35ml",cream,,https://static.oliveyoung.co.kr/pc-static-root/image//comm/noimg_550.gif,
prod_oy_a000000218548,에스트라,에스트라 에이시카365 리페어 크림 pH4.5 60ml,cream,,https://static.oliveyoung.co.kr/pc-static-root/image//comm/noimg_550.gif,
prod_oy_a000000135672,아벤느,[손상/장벽 리페어] 아벤느 시칼파트 플러스 SOS 리페어 크림 40ml,cream,,https://static.oliveyoung.co.kr/pc-static-root/image//comm/noimg_550.gif,
prod_oy_a000000231800,엑시스와이,[탱탱아이볼세럼/탄력] 엑시스와이 비건 콜라겐 아이세럼 10ml,cream,,https://static.oliveyoung.co.kr/pc-static-root/image//comm/noimg_550.gif,
prod_oy_a000000199404,마녀공장,[속보습] 마녀공장 판테토인 크림 80ml,cream,,https://static.oliveyoung.co.kr/pc-static-root/image//comm/noimg_550.gif,
prod_oy_a000000157484,셀퓨전씨,[100시간밀착보습/민감장벽보호] 셀퓨전씨 약산성 패리어 크림 55ml,cream,,https://static.oliveyoung.co.kr/pc-static-root/image//comm/noimg_550.gif,
prod_oy_a000000223947,메디큐브,[화잘먹수분크림] 메디큐브 PDRN 핑크 히알루로닉 수분 크림 50ml,cream,,https://static.oliveyoung.co.kr/pc-static-root/image//comm/noimg_550.gif,
prod_oy_a000000248422,아누아,[박희선Pick] 아누아 어성초 77 B3 징크 수딩 크림 80ml,cream,,https://static.oliveyoung.co.kr/pc-static-root/image//comm/noimg_550.gif,
prod_oy_a000000212724,듀이트리,[흔적수분크림] 듀이트리 AC 딥 흔적 진정 크림 60ml,cream,,https://static.oliveyoung.co.kr/pc-static-root/image//comm/noimg_550.gif,
prod_oy_a000000173055,라타플랑,[피지40%감소] 라타플랑 미나리 시카트러블 진정 수분크림 75ml,cream,,https://static.oliveyoung.co.kr/pc-static-root/image//comm/noimg_550.gif,
prod_oy_a000000228255,더마팩토리,더마팩토리 바쿠치올 1% 크림 30g,cream,,https://static.oliveyoung.co.kr/pc-static-root/image//comm/noimg_550.gif,
prod_oy_a000000249650,동아제약,[여드름기능성] 동아제약 아크네 프로 겔제 30ml,cream,,https://static.oliveyoung.co.kr/pc-static-root/image//comm/noimg_550.gif,
prod_oy_a000000209906,제로이드,제로이드 더마뉴얼 리페어 크림 15ml,cream,,https://static.oliveyoung.co.kr/pc-static-root/image//comm/noimg_550.gif,
prod_oy_a000000236449,퓨어그램,퓨어그램 속건조필수템 저분자 하이드라 히알루론산 크림 120ml,cream,,https://static.oliveyoung.co.kr/pc-static-root/image//comm/noimg_550.gif,
prod_oy_a000000002848,바이오더마,[SNS 대란템]바이오더마 세비엄 포어 리파이너,cream,,https://static.oliveyoung.co.kr/pc-static-root/image//comm/noimg_550.gif,
prod_oy_a000000010471,라로슈포제,라로슈포제 에빠끌라 MAT 세보 컨트롤링 모이스춰라이저,cream,,https://static.oliveyoung.co.kr/pc-static-root/image//comm/noimg_550.gif,
prod_oy_a000000112172,유세린,[2700만개 판매] 유세린 하이알루론 3X 나이트크림 50ML,cream,,https://static.oliveyoung.co.kr/pc-static-root/image//comm/noimg_550.gif,
prod_oy_a000000112890,라로슈포제,라로슈포제 똘러리앙 센시티브 크림,cream,,https://static.oliveyoung.co.kr/pc-static-root/image//comm/noimg_550.gif,
prod_oy_a000000115502,달팡,달팡 하이드라스킨 라이트 크림 50ml,cream,,https://static.oliveyoung.co.kr/pc-static-root/image//comm/noimg_550.gif,
prod_oy_a000000116004,시카고,[끝장크림] 시카고 시카 피니쉬 크림 50ml,cream,,https://static.oliveyoung.co.kr/pc-static-root/image//comm/noimg_550.gif,
prod_oy_a000000116032,유리아쥬,유리아쥬 오 떼르말 워터 크림 40ml,cream,,https://static.oliveyoung.co.kr/pc-static-root/image//comm/noimg_550.gif,
prod_oy_a000000117624,엠브리올리스,엠브리올리스 레 크렘 콘센트레 75ml,cream,,https://static.oliveyoung.co.kr/pc-static-root/image//comm/noimg_550.gif,
prod_oy_a000000125012,유리아쥬,유리아쥬 오 떼르말 워터 젤크림 40ml,cream,,https://static.oliveyoung.co.kr/pc-static-root/image//comm/noimg_550.gif,
prod_oy_a000000126471,유세린,[장벽크림] 유세린 울트라 센시티브 리페어 젤 크림 50ml,cream,,https://static.oliveyoung.co.kr/pc-static-root/image//comm/noimg_550.gif,
prod_oy_a000000128656,아임프롬,아임프롬 머그워트 크림 50g,cream,,https://static.oliveyoung.co.kr/pc-static-root/image//comm/noimg_550.gif,
prod_oy_a000000129575,코스알엑스,코스알엑스 풀핏 프로폴리스 라이트 크림 65ml,cream,,https://static.oliveyoung.co.kr/pc-static-root/image//comm/noimg_550.gif,
prod_oy_a000000130838,크리니크,크리니크 모이스춰 써지 아이 96-아워 하이드로 컨센트레이트 15ml,cream,,https://static.oliveyoung.co.kr/pc-static-root/image//comm/noimg_550.gif,
prod_oy_a000000135340,더랩바이블랑두,[장벽UP] 더랩바이블랑두 저분자 히알루론산 카밍+ 크림 50ml,cream,,https://static.oliveyoung.co.kr/pc-static-root/image//comm/noimg_550.gif,
prod_oy_a000000137482,로벡틴,[43만개 판매/민감피부 구원템] 로벡틴 카밍 연꽃수 크림 60ml,cream,,https://static.oliveyoung.co.kr/pc-static-root/image//comm/noimg_550.gif,
prod_oy_a000000141321,디오디너리,[눈가케어] 디오디너리 카페인 솔루션 5% + EGCG 30ml,cream,,https://static.oliveyoung.co.kr/pc-static-root/image//comm/noimg_550.gif,
prod_oy_a000000141712,다룸,DR다룸 베리어 크림 75ml,cream,,https://static.oliveyoung.co.kr/pc-static-root/image//comm/noimg_550.gif,
prod_oy_a000000144120,애즈이즈투비,애즈이즈투비 아쿠아 부스팅 크림 50ml,cream,,https://static.oliveyoung.co.kr/pc-static-root/image//comm/noimg_550.gif,
prod_oy_a000000144808,아크웰,[수분진정] 아크웰 리얼 아쿠아 밸런싱 크림 50ml,cream,,https://static.oliveyoung.co.kr/pc-static-root/image//comm/noimg_550.gif,
prod_oy_a000000145285,닥터디퍼런트,[레티날입문0.05%] 닥터디퍼런트 비타리프트-A 크림 20g,cream,,https://static.oliveyoung.co.kr/pc-static-root/image//comm/noimg_550.gif,
prod_oy_a000000145287,닥터디퍼런트,[눈가&목/레티날0.025%] 닥터디퍼런트 비타리프트 아이앤넥 크림 20g,cream,,https://static.oliveyoung.co.kr/pc-static-root/image//comm/noimg_550.gif,
prod_oy_a000000145662,크리니크,크리니크 시베리아리치크림 50ml,cream,,https://static.oliveyoung.co.kr/pc-static-root/image//comm/noimg_550.gif,
prod_oy_a000000147087,키노닉스,[진정보습/장벽케어] 키노닉스 원더 레미디 세라마이드 고보습 크림 50ml,cream,,https://static.oliveyoung.co.kr/pc-static-root/image//comm/noimg_550.gif,
prod_oy_a000000147119,닥터디퍼런트,[집중진정케어] 닥터디퍼런트 시카 메탈 크림 50g,cream,,https://static.oliveyoung.co.kr/pc-static-root/image//comm/noimg_550.gif,
prod_oy_a000000147357,땡큐파머,땡큐파머 강화교동쌀 맑음 젤안에 크림80ml,cream,,https://static.oliveyoung.co.kr/pc-static-root/image//comm/noimg_550.gif,
prod_oy_a000000149064,휘게,휘게 릴리프 캐모마일 크림 85g,cream,,https://static.oliveyoung.co.kr/pc-static-root/image//comm/noimg_550.gif,
prod_oy_a000000149118,땡큐파머,땡큐파머 트루워터 딥 모이스처크림 EX 80ml,cream,,https://static.oliveyoung.co.kr/pc-static-root/image//comm/noimg_550.gif,
prod_oy_a000000149717,바이오더마,바이오더마 세비엄 센서티브 30ml,cream,,https://static.oliveyoung.co.kr/pc-static-root/image//comm/noimg_550.gif,
prod_oy_a000000149810,바이오더마,바이오더마 아토덤 인텐시브 젤 크림 200ml,cream,,https://static.oliveyoung.co.kr/pc-static-root/image//comm/noimg_550.gif,
prod_oy_a000000151831,달팡,달팡 인트랄 수딩 크림 50ml,cream,,https://static.oliveyoung.co.kr/pc-static-root/image//comm/noimg_550.gif,
prod_oy_a000000154627,아이소이,[코어탄력스팟] 아이소이 인텐시브 리프팅 스팟 25ml,cream,,https://static.oliveyoung.co.kr/pc-static-root/image//comm/noimg_550.gif,
prod_oy_a000000155351,더말로지카,[속보습/보송피부결] 더말로지카 딥모이스춰 스킨 스무딩 크림 50ml,cream,,https://static.oliveyoung.co.kr/pc-static-root/image//comm/noimg_550.gif,
prod_oy_a000000158308,믹순,믹순 콩 크림 50ml,cream,,https://static.oliveyoung.co.kr/pc-static-root/image//comm/noimg_550.gif,
prod_oy_a000000159747,바비브라운,바비브라운 엑스트라 리페어 모이스춰 크림 인텐스 50ml,cream,,https://static.oliveyoung.co.kr/pc-static-root/image//comm/noimg_550.gif,
prod_oy_a000000159901,눅스,[영양장벽케어] 눅스 레브드미엘 울트라 컴포팅 베리어 크림 50ml,cream,,https://static.oliveyoung.co.kr/pc-static-root/image//comm/noimg_550.gif,
prod_oy_a000000160584,소본,소본 그린 시카 더마 리페어 크림 40ml,cream,,https://static.oliveyoung.co.kr/pc-static-root/image//comm/noimg_550.gif,
prod_oy_a000000161573,스킨1004,스킨1004 마다가스카르 센텔라 수딩 크림 75ml,cream,,https://static.oliveyoung.co.kr/pc-static-root/image//comm/noimg_550.gif,
prod_oy_a000000161626,디어클레어스,클레어스 리치 모이스트 수딩 크림 80g,cream,,https://static.oliveyoung.co.kr/pc-static-root/image//comm/noimg_550.gif,
prod_oy_a000000162589,보나쥬르,보나쥬르 비건 그린티 워터크림 100ml,cream,,https://static.oliveyoung.co.kr/pc-static-root/image//comm/noimg_550.gif,
prod_oy_a000000164251,플리프,플리프 시카-알로에 프레쉬 수분크림 150ml,cream,,https://static.oliveyoung.co.kr/pc-static-root/image//comm/noimg_550.gif,
prod_oy_a000000164614,어바웃미,어바웃미 숲 진정 수분 크림 80ml (100시간 수분지속 진정크림),cream,,https://static.oliveyoung.co.kr/pc-static-root/image//comm/noimg_550.gif,
prod_oy_a000000165055,바이오더마,[슬로우에이징]바이오더마 센시비오 디펜시브 리치 40ml,cream,,https://static.oliveyoung.co.kr/pc-static-root/image//comm/noimg_550.gif,
prod_oy_a000000165056,바이오더마,[슬로우에이징]바이오더마 센시비오 디펜시브 40ml,cream,,https://static.oliveyoung.co.kr/pc-static-root/image//comm/noimg_550.gif,
prod_oy_a000000166418,비판톨,비판톨 더마 리플레니싱 데일리 모이스처 페이스 크림 50ml,cream,,https://static.oliveyoung.co.kr/pc-static-root/image//comm/noimg_550.gif,
prod_oy_a000000167259,OOTD,OOTD AM 인텐스 아이세럼 30ml,cream,,https://static.oliveyoung.co.kr/pc-static-root/image//comm/noimg_550.gif,
prod_oy_a000000171615,허블룸,허블룸 콤부차 비건 콜라겐 크림 50ml,cream,,https://static.oliveyoung.co.kr/pc-static-root/image//comm/noimg_550.gif,
prod_oy_a000000171757,닥터하스킨,[수분진정/민감성] 닥터하스킨 미라클아토 하이드로 크림 50ml,cream,,https://static.oliveyoung.co.kr/pc-static-root/image//comm/noimg_550.gif,
prod_oy_a000000172042,울트라브이,울트라브이 이데베논 크림 50ml,cream,,https://static.oliveyoung.co.kr/pc-static-root/image//comm/noimg_550.gif,
prod_oy_a000000172157,루트리,루트리 오디베리 5중 모공 리프팅 크림 50ml,cream,,https://static.oliveyoung.co.kr/pc-static-root/image//comm/noimg_550.gif,
prod_oy_a000000172207,수페,수페 버치 리치 오리진 크림 50ml,cream,,https://static.oliveyoung.co.kr/pc-static-root/image//comm/noimg_550.gif,
prod_oy_a000000174356,아벤느,[수분/진정]아벤느 클리낭스 아쿠아크림-인-젤 수분 크림 50ml,cream,,https://static.oliveyoung.co.kr/pc-static-root/image//comm/noimg_550.gif,
prod_oy_a000000174406,피부미,피부미 센텔루션 시카 크림 3X 100ml [지복합성],cream,,https://static.oliveyoung.co.kr/pc-static-root/image//comm/noimg_550.gif,
prod_oy_a000000174407,피부미,피부미 센텔루션 시카 크림 3X 100ml [건성],cream,,https://static.oliveyoung.co.kr/pc-static-root/image//comm/noimg_550.gif,
prod_oy_a000000174707,일소,[수부지 화잘먹 크림] 일소 데일리 모이스처 푸딩 크림 50ml,cream,,https://static.oliveyoung.co.kr/pc-static-root/image//comm/noimg_550.gif,
prod_oy_a000000174929,폴라초이스,폴라초이스 C5 슈퍼 부스트 수분크림 50ml,cream,,https://static.oliveyoung.co.kr/pc-static-root/image//comm/noimg_550.gif,
prod_oy_a000000176058,체이싱래빗,체이싱래빗 그린 골든 룰러 크림 100ml (피부장벽 진정크림),cream,,https://static.oliveyoung.co.kr/pc-static-root/image//comm/noimg_550.gif,
prod_oy_a000000176352,클라뷰,클라뷰 리얼 비건 저분자 콜라겐 탄력 크림 50ml,cream,,https://static.oliveyoung.co.kr/pc-static-root/image//comm/noimg_550.gif,
prod_oy_a000000178494,웰라쥬,[화잘먹크림] 웰라쥬 리얼 히알루로닉 100 크림 50ml,cream,,https://static.oliveyoung.co.kr/pc-static-root/image//comm/noimg_550.gif,
prod_oy_a000000180075,CKD,CKD 레티노콜라겐 저분자 300 괄사 목주름 크림 50ml,cream,,https://static.oliveyoung.co.kr/pc-static-root/image//comm/noimg_550.gif,
prod_oy_a000000180459,스킨푸드,[NEW] 스킨푸드 로열허니 착한 수분 크림 100ml,cream,,https://static.oliveyoung.co.kr/pc-static-root/image//comm/noimg_550.gif,
prod_oy_a000000180918,숨37,숨37 마이크로액티브 소프트 핏 크림 50ml,cream,,https://static.oliveyoung.co.kr/pc-static-root/image//comm/noimg_550.gif,
prod_oy_a000000181121,디오디너리,[눈가케어] 디오디너리 멀티-펩타이드 아이 세럼 15ml,cream,,https://static.oliveyoung.co.kr/pc-static-root/image//comm/noimg_550.gif,
prod_oy_a000000181124,스킨푸드,[도토리크림] 스킨푸드 도토리 모공 탄력 크림 70ml,cream,,https://static.oliveyoung.co.kr/pc-static-root/image//comm/noimg_550.gif,
prod_oy_a000000182072,비원츠,[NCT태용 PICK/괄사롤러] 비원츠 시카콜라겐 리프팅크림 50ml,cream,,https://static.oliveyoung.co.kr/pc-static-root/image//comm/noimg_550.gif,
prod_oy_a000000184066,세타필,[민감피부진정] 세타필 페이셜 수분크림 48g,cream,,https://static.oliveyoung.co.kr/pc-static-root/image//comm/noimg_550.gif,
prod_oy_a000000184770,닥터자르트,[워터젤리/수분크림]닥터자르트 바이탈 하이드라 솔루션 하이드로 플럼프 워터 크림 50ml,cream,,https://static.oliveyoung.co.kr/pc-static-root/image//comm/noimg_550.gif,
prod_oy_a000000184919,시모먼트,시모먼트 아이 리프팅 롤러 세럼 15ml,cream,,https://static.oliveyoung.co.kr/pc-static-root/image//comm/noimg_550.gif,
prod_oy_a000000185456,나인위시스,[수분톤업/화잘먹 톤프렙] 나인위시스 비건 화이트 톤업 크림 50ml,cream,,https://static.oliveyoung.co.kr/pc-static-root/image//comm/noimg_550.gif,
prod_oy_a000000186191,디오디너리,[보습젤] 디오디너리 내추럴 모이스처라이징 팩터스 + 베타 글루칸 100ml,cream,,https://static.oliveyoung.co.kr/pc-static-root/image//comm/noimg_550.gif,
prod_oy_a000000188495,이지듀,[극강보습] 이지듀 베리어 리페어 보습케어 크림 105ml,cream,,https://static.oliveyoung.co.kr/pc-static-root/image//comm/noimg_550.gif,
prod_oy_a000000188751,몰바니,몰바니 아티초크 카밍 케어 수딩 크림 100ml,cream,,https://static.oliveyoung.co.kr/pc-static-root/image//comm/noimg_550.gif,
prod_oy_a000000188950,한율,한율 빨간쌀 보습탄력 크림 55ml,cream,,https://static.oliveyoung.co.kr/pc-static-root/image//comm/noimg_550.gif,
prod_oy_a000000189056,에스트라,[PDRN]에스트라 리제덤365 밀도탄력 캡슐크림 50ml,cream,,https://static.oliveyoung.co.kr/pc-static-root/image//comm/noimg_550.gif,
prod_oy_a000000189170,폴라초이스,폴라초이스 클리니컬 0.3% 레티놀 + 2% 바쿠치올 트리트먼트 30ml,cream,,https://static.oliveyoung.co.kr/pc-static-root/image//comm/noimg_550.gif,
prod_oy_a000000189587,헤라,헤라 하이드로 리플렉팅 마이크로 크림 50ml,cream,,https://static.oliveyoung.co.kr/pc-static-root/image//comm/noimg_550.gif,
prod_oy_a000000190420,어퓨,어퓨 마데카소사이드 테트라좀시카 크림 120ml,cream,,https://static.oliveyoung.co.kr/pc-static-root/image//comm/noimg_550.gif,
prod_oy_a000000191027,눅스,[생기부스팅크림] 눅스 프로디쥬스 부스트 글로우 부스팅 크림 40ml,cream,,https://static.oliveyoung.co.kr/pc-static-root/image//comm/noimg_550.gif,
prod_oy_a000000191805,오휘,오휘 미라클 모이스처 세라마이드 부스팅 크림 50ml,cream,,https://static.oliveyoung.co.kr/pc-static-root/image//comm/noimg_550.gif,
prod_oy_a000000191823,디마르3,[잡티케어] 디마르3 에트셀 멜라케어 크렘 65ml,cream,,https://static.oliveyoung.co.kr/pc-static-root/image//comm/noimg_550.gif,
prod_oy_a000000192300,몰바니,몰바니 볼륨 인크리징 프로틴 크림 100ml,cream,,https://static.oliveyoung.co.kr/pc-static-root/image//comm/noimg_550.gif,
prod_oy_a000000192520,로벡틴,[수분충전/세라마이드] 로벡틴 아쿠아 히알루로닉 수딩 크림 60ml,cream,,https://static.oliveyoung.co.kr/pc-static-root/image//comm/noimg_550.gif,
prod_oy_a000000197319,오가나셀,오가나셀 펩타이드 리커버리 크림 50ml,cream,,https://static.oliveyoung.co.kr/pc-static-root/image//comm/noimg_550.gif,
prod_oy_a000000197320,오가나셀,오가나셀 바이오 액티옴 크림 50ml,cream,,https://static.oliveyoung.co.kr/pc-static-root/image//comm/noimg_550.gif,
prod_oy_a000000197659,닥터멜락신,닥터멜락신 아쿠아 이온 플라즈마 수분 크림 50ml,cream,,https://static.oliveyoung.co.kr/pc-static-root/image//comm/noimg_550.gif,
prod_oy_a000000197679,닥터멜락신,닥터멜락신 비피 포어 베리어 크림 50g,cream,,https://static.oliveyoung.co.kr/pc-static-root/image//comm/noimg_550.gif,
prod_oy_a000000198833,테라로직,테라로직 마데셀 더마 리페어 B5 크림 80ml,cream,,https://static.oliveyoung.co.kr/pc-static-root/image//comm/noimg_550.gif,
prod_oy_a000000198853,테라로직,테라로직 피토세라 프로 안티옥시던트 10X 탄력리프팅 크림 50ml,cream,,https://static.oliveyoung.co.kr/pc-static-root/image//comm/noimg_550.gif,
prod_oy_a000000198949,원진이펙트,[기미/잡티/미백] 원진이펙트 멜라리스 크림 80g,cream,,https://static.oliveyoung.co.kr/pc-static-root/image//comm/noimg_550.gif,
prod_oy_a000000199254,오휘,오휘 미라클 토닝 글로우 크림 60ml,cream,,https://static.oliveyoung.co.kr/pc-static-root/image//comm/noimg_550.gif,
prod_oy_a000000199257,로우퀘스트,로우퀘스트 베리어 리커버리 크림 80ml,cream,,https://static.oliveyoung.co.kr/pc-static-root/image//comm/noimg_550.gif,
prod_oy_a000000199737,피지오겔,[NEW] 피지오겔 레드 수딩 AI 리페어 크림 100ml,cream,,https://static.oliveyoung.co.kr/pc-static-root/image//comm/noimg_550.gif,
prod_oy_a000000200133,아벤느,[민감/진정크림]아벤느 똘레랑스 하이드레이팅 플루이드 40ml,cream,,https://static.oliveyoung.co.kr/pc-static-root/image//comm/noimg_550.gif,
prod_oy_a000000200181,닥터하우쉬카,닥터하우쉬카 로즈 데이 크림 오리지널 30ml,cream,,https://static.oliveyoung.co.kr/pc-static-root/image//comm/noimg_550.gif,
prod_oy_a000000200201,닥터하우쉬카,닥터하우쉬카 로즈 데이 크림 라이트 30ml,cream,,https://static.oliveyoung.co.kr/pc-static-root/image//comm/noimg_550.gif,
prod_oy_a000000200632,성분에디터,[잡티미백케어] 성분에디터 머루포도 비타 C 잡티크림 50g,cream,,https://static.oliveyoung.co.kr/pc-static-root/image//comm/noimg_550.gif,
prod_oy_a000000200804,마몽드,[화잘먹 결크림] 마몽드 플로라 글로우 로즈 스무딩 크림 50ml,cream,,https://static.oliveyoung.co.kr/pc-static-root/image//comm/noimg_550.gif,
prod_oy_a000000201592,헤브블루,헤브블루 살몬 PDRN 케어링 센텔라 크림 100ml,cream,,https://static.oliveyoung.co.kr/pc-static-root/image//comm/noimg_550.gif,
prod_oy_a000000201643,로우퀘스트,로우퀘스트 에키네시아 카밍 모이스처 젤 크림 50ml,cream,,https://static.oliveyoung.co.kr/pc-static-root/image//comm/noimg_550.gif,
prod_oy_a000000204171,라운드랩,[미백/잡티] 라운드랩 비타 나이아신 잡티크림 50ml,cream,,https://static.oliveyoung.co.kr/pc-static-root/image//comm/noimg_550.gif,
prod_oy_a000000204640,더후,더후 로얄레지나 에너제틱 리차징 크림 50ml,cream,,https://static.oliveyoung.co.kr/pc-static-root/image//comm/noimg_550.gif,
prod_oy_a000000204654,더후,더후 공진향 탄력 크림 50ml,cream,,https://static.oliveyoung.co.kr/pc-static-root/image//comm/noimg_550.gif,
prod_oy_a000000198321,에스트라,에스트라 아토베리어365 로션 150ml,lotion,,https://static.oliveyoung.co.kr/pc-static-root/image//comm/noimg_550.gif,
prod_oy_a000000248426,아누아,[NEW/리뉴얼] 아누아 어성초 77 히알루론산 수분 진정 로션 200ml,lotion,,https://static.oliveyoung.co.kr/pc-static-root/image//comm/noimg_550.gif,
prod_oy_a000000258468,온그리디언츠,온그리디언츠 바쿠글로우 캡슐 로션 150ml,lotion,,https://static.oliveyoung.co.kr/pc-static-root/image//comm/noimg_550.gif,
prod_oy_a000000209904,제로이드,제로이드 수딩 로션 160ml,lotion,,https://static.oliveyoung.co.kr/pc-static-root/image//comm/noimg_550.gif,
prod_oy_a000000237493,코스노리,[장벽로션/화잘먹로션] 코스노리 판테놀 베리어 에멀전 150ml,lotion,,https://static.oliveyoung.co.kr/pc-static-root/image//comm/noimg_550.gif,
prod_oy_a000000257196,비욘드,[NEW] 비욘드 엔젤 아쿠아 이온 히알루 10% 수분 로션 200ml,lotion,,https://static.oliveyoung.co.kr/pc-static-root/image//comm/noimg_550.gif,
prod_oy_a000000144917,하다라보,[쫀쫀고보습에멀전] 하다라보 고쿠쥰 밀크 140mL,lotion,,https://static.oliveyoung.co.kr/pc-static-root/image//comm/noimg_550.gif,
prod_oy_a000000221831,설화수,설화수 자음유액EX 125ml,lotion,,https://static.oliveyoung.co.kr/pc-static-root/image//comm/noimg_550.gif,
prod_oy_a000000170690,유세린,[미백잡티] 유세린 이븐래디언스 모이스처라이저 50ml,lotion,,https://static.oliveyoung.co.kr/pc-static-root/image//comm/noimg_550.gif,
prod_oy_a000000203247,바이오힐보,[탄력에멀전] 바이오힐 보 프로바이오덤 3D 리프팅 에멀전 150ml,lotion,,https://static.oliveyoung.co.kr/pc-static-root/image//comm/noimg_550.gif,
prod_oy_a000000209419,제로이드,제로이드 인텐시브 로션 160ml,lotion,,https://static.oliveyoung.co.kr/pc-static-root/image//comm/noimg_550.gif,
prod_oy_a000000104176,크리니크,크리니크 노란에센스젤 125ml,lotion,,https://static.oliveyoung.co.kr/pc-static-root/image//comm/noimg_550.gif,
prod_oy_a000000198090,닥터자르트,[72시간보습로션] 닥터자르트 세라마이딘 스킨 베리어 모이스처라이징 밀키 로션 50ml,lotion,,https://static.oliveyoung.co.kr/pc-static-root/image//comm/noimg_550.gif,
prod_oy_a000000201011,식물나라,[화잘먹/윤광미백] 식물나라 뽀얀쌀 맑은톤 로션 300mL,lotion,,https://static.oliveyoung.co.kr/pc-static-root/image//comm/noimg_550.gif,
prod_oy_a000000137078,싸이닉,싸이닉 더 심플 데일리 로션 260ml,lotion,,https://static.oliveyoung.co.kr/pc-static-root/image//comm/noimg_550.gif,
prod_oy_a000000012809,피지오겔,피지오겔 DMT 데일리 보습 페이셜 로션 200ml,lotion,,https://static.oliveyoung.co.kr/pc-static-root/image//comm/noimg_550.gif,
prod_oy_a000000148729,디오디너리,[차세대레티놀] 디오디너리 그랜액티브 레티노이드 2% 에멀전 30ml,lotion,,https://static.oliveyoung.co.kr/pc-static-root/image//comm/noimg_550.gif,
prod_oy_a000000255383,더샘,[NEW/여름화잘먹/프렙로션] 더샘 스킨 프렙 밸런싱 밀크 로션 155ml,lotion,,https://static.oliveyoung.co.kr/pc-static-root/image//comm/noimg_550.gif,
prod_oy_a000000245710,디오디너리,[산뜻보습] 디오디너리 라이스 리피즈 + 엑토인 마이크로에멀전 120ml,lotion,,https://static.oliveyoung.co.kr/pc-static-root/image//comm/noimg_550.gif,
prod_oy_a000000252600,바이오힐보,[화잘먹프렙] 바이오힐보 판테셀 리페어시카 수분 로션 100mL,lotion,,https://static.oliveyoung.co.kr/pc-static-root/image//comm/noimg_550.gif,
prod_oy_a000000250229,세포랩,세포랩 바이오제닉 모이스처라이저 80ml,lotion,,https://static.oliveyoung.co.kr/pc-static-root/image//comm/noimg_550.gif,
prod_oy_a000000252331,벨프리모,[장벽/진정] 벨프리모 히알 베리어 아토 로션 200ml,lotion,,https://static.oliveyoung.co.kr/pc-static-root/image//comm/noimg_550.gif,
prod_oy_a000000183744,한율,[시카보다 4배*강한] 한율 어린쑥 수분진정 플루이드 125ml,lotion,,https://static.oliveyoung.co.kr/pc-static-root/image//comm/noimg_550.gif,
prod_oy_a000000237000,헤슬,[NEW/저자극/청담샵 추천] 헤슬 쏙보습 쌀 로션 150ml,lotion,,https://static.oliveyoung.co.kr/pc-static-root/image//comm/noimg_550.gif,
prod_oy_a000000257083,그라펜,"[개기름,모공개선]그라펜 포어올킬 클린로션 95ml(호박스 공동개발)",lotion,,https://static.oliveyoung.co.kr/pc-static-root/image//comm/noimg_550.gif,
prod_oy_a000000141319,디오디너리,[브라이트닝] 디오디너리 비타민C 서스펜션 23% + HA 스피어스 2% 30ml,lotion,,https://static.oliveyoung.co.kr/pc-static-root/image//comm/noimg_550.gif,
prod_oy_a000000103320,코스알엑스,코스알엑스 오일-프리 울트라 모이스쳐라이징 로션 100ml,lotion,,https://static.oliveyoung.co.kr/pc-static-root/image//comm/noimg_550.gif,
prod_oy_a000000104146,크리니크,크리니크 안티-블레미쉬 솔루션 올-오버 클리어링 트리트먼트 오일-프리 50ml,lotion,,https://static.oliveyoung.co.kr/pc-static-root/image//comm/noimg_550.gif,
prod_oy_a000000104173,크리니크,크리니크 노란에센스로션 125ml,lotion,,https://static.oliveyoung.co.kr/pc-static-root/image//comm/noimg_550.gif,
prod_oy_a000000115386,크리니크,크리니크 드라마티컬리 디퍼런트 하이드레이팅 젤리 125ml,lotion,,https://static.oliveyoung.co.kr/pc-static-root/image//comm/noimg_550.gif,
prod_oy_a000000115419,셀퓨전씨,[유수분밸런싱/산뜻수분젤] 셀퓨전씨 트리악 모이스처 젤 오인트 100ml,lotion,,https://static.oliveyoung.co.kr/pc-static-root/image//comm/noimg_550.gif,
prod_oy_a000000129771,피지오겔,피지오겔 레드수딩 AI 진정보습 로션 200ml,lotion,,https://static.oliveyoung.co.kr/pc-static-root/image//comm/noimg_550.gif,
prod_oy_a000000140891,미프,미프 리페어 앤 리프팅,lotion,,https://static.oliveyoung.co.kr/pc-static-root/image//comm/noimg_550.gif,
prod_oy_a000000141309,디오디너리,[보습크림] 디오디너리 내추럴 모이스처라이징 팩터스 + HA 100ml,lotion,,https://static.oliveyoung.co.kr/pc-static-root/image//comm/noimg_550.gif,
prod_oy_a000000144041,폴라초이스,폴라초이스 스킨 발란싱 수분 젤 60ml,lotion,,https://static.oliveyoung.co.kr/pc-static-root/image//comm/noimg_550.gif,
prod_oy_a000000146263,하다라보,[8종히알루론산] 하다라보 고쿠쥰 프리미엄 밀크 140mL,lotion,,https://static.oliveyoung.co.kr/pc-static-root/image//comm/noimg_550.gif,
prod_oy_a000000150816,아크네스,[산뜻촉촉] 아크네스 모이스처 플루이드 150ml,lotion,,https://static.oliveyoung.co.kr/pc-static-root/image//comm/noimg_550.gif,
prod_oy_a000000152286,마녀공장,마녀공장 비피다 바이옴 앰플 로션 300ml,lotion,,https://static.oliveyoung.co.kr/pc-static-root/image//comm/noimg_550.gif,
prod_oy_a000000162054,라네즈,라네즈 워터뱅크 블루히알루로닉 에멀젼(중건성) 120ml,lotion,,https://static.oliveyoung.co.kr/pc-static-root/image//comm/noimg_550.gif,
prod_oy_a000000174709,일소,[수분급속충전] 일소 데일리 모이스처 소프트닝 로션 150ml,lotion,,https://static.oliveyoung.co.kr/pc-static-root/image//comm/noimg_550.gif,
prod_oy_a000000184789,라운드랩,[민감진정] 라운드랩 소나무 진정 시카 로션 250ml,lotion,,https://static.oliveyoung.co.kr/pc-static-root/image//comm/noimg_550.gif,
prod_oy_a000000188948,한율,한율 빨간쌀 보습탄력 에멀젼 125ml,lotion,,https://static.oliveyoung.co.kr/pc-static-root/image//comm/noimg_550.gif,
prod_oy_a000000189589,헤라,헤라 하이드로 리플렉팅 플루이드 140ml,lotion,,https://static.oliveyoung.co.kr/pc-static-root/image//comm/noimg_550.gif,
prod_oy_a000000203855,비욘드,[유수분밸런스] 비욘드 엔젤아쿠아 보습 장벽 로션 200ml,lotion,,https://static.oliveyoung.co.kr/pc-static-root/image//comm/noimg_550.gif,
prod_oy_a000000204649,더후,더후 공진향 탄력 에멀젼 110ml,lotion,,https://static.oliveyoung.co.kr/pc-static-root/image//comm/noimg_550.gif,
prod_oy_a000000204881,AHC,AHC 콜라 쥬비네이션 리프트4 트리트먼트 에멀젼 100ml,lotion,,https://static.oliveyoung.co.kr/pc-static-root/image//comm/noimg_550.gif,
prod_oy_a000000208721,스콧해미쉬,스콧해미쉬 블루 블렌디드 로션 에센스 180ml,lotion,,https://static.oliveyoung.co.kr/pc-static-root/image//comm/noimg_550.gif,
prod_oy_a000000211930,LBB,[100시간 수분보습]LBB 올 데이 케어 인 로션 50ml,lotion,,https://static.oliveyoung.co.kr/pc-static-root/image//comm/noimg_550.gif,
prod_oy_a000000213387,더마라인,더마라인 디렉소 PDRN 솔루션 액티빙 에멀전 200ml,lotion,,https://static.oliveyoung.co.kr/pc-static-root/image//comm/noimg_550.gif,
prod_oy_a000000213951,연작,연작 카밍 앤 컴포팅 에멀전 125ml,lotion,,https://static.oliveyoung.co.kr/pc-static-root/image//comm/noimg_550.gif,
prod_oy_a000000214141,키엘,키엘 칼렌듈라 에멀전 125ml,lotion,,https://static.oliveyoung.co.kr/pc-static-root/image//comm/noimg_550.gif,
prod_oy_a000000214176,키엘,키엘 울트라 훼이셜 모이스춰라이저 125ml,lotion,,https://static.oliveyoung.co.kr/pc-static-root/image//comm/noimg_550.gif,
prod_oy_a000000216470,마몽드,[보습장벽] 마몽드 프로바이오틱스 세라마이드 에멀젼 150ml,lotion,,https://static.oliveyoung.co.kr/pc-static-root/image//comm/noimg_550.gif,
prod_oy_a000000224041,아누아,아누아 라이스 70 인텐시브 모이스처라이징 밀크 150ml,lotion,,https://static.oliveyoung.co.kr/pc-static-root/image//comm/noimg_550.gif,
prod_oy_a000000229488,아이오페,[NEW] 아이오페 XMD 스템3 클리니컬 리커버리 에멀전 130ml,lotion,,https://static.oliveyoung.co.kr/pc-static-root/image//comm/noimg_550.gif,
prod_oy_a000000231297,토니모리,토니모리 원더 세라마이드 모찌 에멀전 300ml,lotion,,https://static.oliveyoung.co.kr/pc-static-root/image//comm/noimg_550.gif,
prod_oy_a000000232217,식물나라,[화잘먹/윤광미백] 식물나라 뽀얀쌀 맑은톤 로션 300mL,lotion,,https://static.oliveyoung.co.kr/pc-static-root/image//comm/noimg_550.gif,
prod_oy_a000000232954,랑콤,랑콤 제니피끄 리페어 토너 150ml,lotion,,https://static.oliveyoung.co.kr/pc-static-root/image//comm/noimg_550.gif,
prod_oy_a000000233004,미닉,[민감지성피부/유분케어] 미닉 노세범 블루 캐모마일 수분 젤 로션 80ml,lotion,,https://static.oliveyoung.co.kr/pc-static-root/image//comm/noimg_550.gif,
prod_oy_a000000235496,크리니크,크리니크 노란에센스로션&젤 125ml (피부타입별 선택),lotion,,https://static.oliveyoung.co.kr/pc-static-root/image//comm/noimg_550.gif,
prod_oy_a000000236436,랑콤,랑콤 클라리피끄 에멀전 75ml,lotion,,https://static.oliveyoung.co.kr/pc-static-root/image//comm/noimg_550.gif,
prod_oy_a000000238500,아누아,아누아 복숭아 77 나이아신 컨디셔닝 밀크 150ml,lotion,,https://static.oliveyoung.co.kr/pc-static-root/image//comm/noimg_550.gif,
prod_oy_a000000242745,빌리프,빌리프 프라블럼 솔루션 비건 모이스춰라이저 100ml,lotion,,https://static.oliveyoung.co.kr/pc-static-root/image//comm/noimg_550.gif,
prod_oy_a000000249538,그라운드플랜,[수분지속로션] 그라운드플랜 젤모이스처 120ml,lotion,,https://static.oliveyoung.co.kr/pc-static-root/image//comm/noimg_550.gif,
prod_oy_a000000144036,폴라초이스,폴라초이스 리지스트 데일리 5% 아하 데일리 각질제거제 50ml,lotion,,https://static.oliveyoung.co.kr/pc-static-root/image//comm/noimg_550.gif,
prod_oy_a000000144803,아크웰,아크웰 리얼 아쿠아 밸런싱 로션 140ml,lotion,,https://static.oliveyoung.co.kr/pc-static-root/image//comm/noimg_550.gif,
prod_oy_a000000149427,보닌,보닌 퓨어 에센셜 에멀전,lotion,,https://static.oliveyoung.co.kr/pc-static-root/image//comm/noimg_550.gif,
prod_oy_a000000162615,마리엔메이,[장벽강화] 마리엔메이 비타민C+비피다 로션 120ml,lotion,,https://static.oliveyoung.co.kr/pc-static-root/image//comm/noimg_550.gif,
prod_oy_a000000171034,EGF올로지,이지에프올로지 인헨싱 밸런싱 로션 50ml,lotion,,https://static.oliveyoung.co.kr/pc-static-root/image//comm/noimg_550.gif,
prod_oy_a000000174576,크리니크,크리니크 드라마티컬리 디퍼런트 모이스춰라이징 로션 30ml,lotion,,https://static.oliveyoung.co.kr/pc-static-root/image//comm/noimg_550.gif,
prod_oy_a000000179257,센텔리안24,[진정/속보습] 센텔리안24 마데카 데일리 리페어 에센스로션 100ml,lotion,,https://static.oliveyoung.co.kr/pc-static-root/image//comm/noimg_550.gif,
prod_oy_a000000182721,케어존,케어존 아큐어 클래리파잉 에멀전 200ml,lotion,,https://static.oliveyoung.co.kr/pc-static-root/image//comm/noimg_550.gif,
prod_oy_a000000210949,운스트라움,운스트라움 디 오리진 로션 150ml,lotion,,https://static.oliveyoung.co.kr/pc-static-root/image//comm/noimg_550.gif,
prod_oy_a000000215197,그라운드플랜,[수분지속로션] 그라운드플랜 젤모이스처 110ml,lotion,,https://static.oliveyoung.co.kr/pc-static-root/image//comm/noimg_550.gif,
prod_oy_a000000233577,아렌시아,[NEW 화잘먹 피부 밀착 로션] 아렌시아 레드 스무디 로션 5 200ml,lotion,,https://static.oliveyoung.co.kr/pc-static-root/image//comm/noimg_550.gif,
