execution_query_id,query_sha256,ingredient_rank,ingredient_id,name_ko,canonical_name_en,approved_search_term,result_position,control_no,material_type,title,pre_abstract,authors,journal,publication_year,source_url,retrieved_at_utc,review_status,runtime_score_change,pipeline_version
riss:phenoxyethanol:2c46c7f1f7e7843d,2c46c7f1f7e7843d3bc14cb849f22d2ef94a45ee1098bff1eabe49b49297d40b,2,phenoxyethanol,페녹시에탄올,Phenoxyethanol,Phenoxyethanol,1,6e2d927c3265d75b7ecd42904f0c5d65,1a0202e37d52c72d,생합성된 galactosylated 2-phenoxyethanol의 피부 투과도,"The safety of cosmetic ingredients is considered paramount. In order to enhance safety, a novel preservative, PE-gal, was bio-synthesized by utilizing the Escherichia coli enzyme β–galactosidase on the conventional preservative 2-phenoxyethanold (PE). The skin absorption of the bio-synthesized product, PE-gal, intended for use in cosmetics, was evaluated for permeability using the Franz Diffusion Cell Assay system, comparing it with the conventinal preservative PE. When using samples of the same mass concentration, the Flux and Kp values of PE increased over time, indicating a gradual increase in permeability. However, PE-gal did not exhibit sufficient permeability to measure. This suggests that the skin permeability of PE is higher than that of the PE-gal saccharide. According to Marzulli et al., when confirming the degree of permeation using Kp values, the permeation rate of PE was measured as “slow” at a concentration of 1mg/mL. Thus, the transdermal permeability of the divedened form of PE-gal was significantly lower compared to PE.","김수홍,권순범,김준섭,문기성,정경환,이향렬",한국응용과학기술학회지,2024,https://www.riss.kr/search/detail/DetailView.do?p_mat_type=1a0202e37d52c72d&control_no=6e2d927c3265d75b7ecd42904f0c5d65,2026-07-13T06:49:13Z,candidate_unverified,none,mwbl-ingredient-evidence-filter-v1.1-fresh-riss
riss:phenoxyethanol:2c46c7f1f7e7843d,2c46c7f1f7e7843d3bc14cb849f22d2ef94a45ee1098bff1eabe49b49297d40b,2,phenoxyethanol,페녹시에탄올,Phenoxyethanol,Phenoxyethanol,2,b5322252d2187b187ecd42904f0c5d65,1a0202e37d52c72d,Phenoxyethanol을 이용한 저자극 방부시스템 개발에 관한 연구,"Recently, according as people who have sensitive skin increase, we've been giving more importance to the safety of cosmetics. Especially, preservative is known to be one of the main stimuli which cause side-effects of cosmetics. However, there have been few reports describing cell cytotoxicity, skin penetration, oil-aqueous phase partition, anti-microbial activity of preservatives and their correlation with skin irritation. The study is aimed to develop low irritable preservative system with phenoxyethanol, one of the most commonly used preservatives in cosmetics, considering various factors mentioned above. According to our results of cell cytotoxicity against human normal fibroblasts by means of MTT assay, phenoxyethanol showed the lowest cytotoxicity when compared to other preservatives tested (cytotoxicity: pro-pylparaben > butylparaben > ethylparaben > methylparaben > triclosan > phenoxyethanol), but human patch test for assessing shin primary irritation revealed that phenoxyethanol has higher skin irritation than methylparaben and triclosan. We performed in vitro skin penetration test using horizontal Franz diffusion cells with skin membrane prepared from hairless mouse (5~8 weeks, male) to evaluate the rate of skin penetration of preservatives. From the results, we found that the higher irritable property of phenoxyethanol in human skin correlates with its predominant permeability (skin penetration: phenoxyethanol > methylparaben > ethylparaben > propylparaben > butylfaraben > triclosan). Therefore, we made an effort to reduce skin permeability of phenoxyethanol and found that not only the rate of skin penetration of phenoxyethanol but also its skin irritation is dramatically reduced in formulas containing oils with low polarity. In the experiments to investigate the effect of oil polarity on the oil-aqueous phase partition of phenoxyethanol, more than 70% of phenoxyethanol was partitioned in aqueous phase in formulas containing oils with low polarity, while about 70~90% of phenoxyethanol was partitioned in oil phase in formulas containing oils with high polarity. Also, in aqueous phase phenoxyethanol showed greater anti-microbial activity. Conclusively, it appears that we can develop less toxic preservative system with reduced use dosage of phenox-yethanol and its skin penetration by changing oil composition in formulas.","안기웅 ( Gi Woong Ahn ),이춘몽 ( Chun Mong Lee ),김형배 ( Heong Bae Kim ),정지헌 ( Ji Hean Jeong ),조병기 ( Byoung Kee Jo )",대한화장품학회지,2005,https://www.riss.kr/search/detail/DetailView.do?p_mat_type=1a0202e37d52c72d&control_no=b5322252d2187b187ecd42904f0c5d65,2026-07-13T06:49:13Z,candidate_unverified,none,mwbl-ingredient-evidence-filter-v1.1-fresh-riss
riss:phenoxyethanol:2c46c7f1f7e7843d,2c46c7f1f7e7843d3bc14cb849f22d2ef94a45ee1098bff1eabe49b49297d40b,2,phenoxyethanol,페녹시에탄올,Phenoxyethanol,Phenoxyethanol,3,4996fd274e3466dbb7998d826d417196,1a0202e37d52c72d,피부 미생물총의 생장과 구성에 대한 화장품과 그 방부제의 영향,"We investigated the growth-inhibitory activities of cosmetics and their preservatives against pathogens and resident skin bacteria. Of the tested cosmetics, preservatives such as parabens, 1,2-hexanediol, phenoxyethanol-contained toner, emulsion, cream and baby cream exhibited potent antibacterial effects against Staphylococcus aureus, Escherichia coli and Pseudomonas aeruginosa. Parabens, 1,2-hexanediol and phenoxyethanol inhibited the growth of pathogens, as well as skin-resident bacteria such as Staphilococcus epidermidis, Shigella flexneri, Enterobacter aerogenes and so on. The application of a basic cream containing phenoxyethanol to human skin was shown to disturb the skin microbiota: at the phylum level, Proteobacteria increased and at species level, 4P004125_s increased and Propionibacterium humerusii decreased. Based on these findings, parabens, 1,2-hexanediol and phenoxyethanol have antimicrobial activity and cosmetics containing phenoxyethanol may disturb skin microbiota.","정진주 ( Jin-ju Jeong ),김동현 ( Dong-hyun Kim )",대한화장품학회지,2015,https://www.riss.kr/search/detail/DetailView.do?p_mat_type=1a0202e37d52c72d&control_no=4996fd274e3466dbb7998d826d417196,2026-07-13T06:49:13Z,candidate_unverified,none,mwbl-ingredient-evidence-filter-v1.1-fresh-riss
riss:phenoxyethanol:2c46c7f1f7e7843d,2c46c7f1f7e7843d3bc14cb849f22d2ef94a45ee1098bff1eabe49b49297d40b,2,phenoxyethanol,페녹시에탄올,Phenoxyethanol,Phenoxyethanol,4,955565745103997d7ecd42904f0c5d65,1a0202e37d52c72d,화장품속 방부성분이 피부미생물에 미치는 영향 조사,"The effect of antimicrobials contained in cosmetics on skin microbials was investigated. Volunteers were in their twenties and put on skincare and makeup as usual. We took the microbials from their forehead, index finger, and middle finger and cultured them for two days. The cosmetics used by the volunteers had a total of 18 antimicrobials and 2-3 antimicrobials for each cosmetic. Result of the culture showed that the group that used cosmetics showed less microbial propagation than the group that did not use cosmetics; however, the difference in microbial propagation was little. 1,2-hexanediol showed less antimicrobial activity on skin than phenoxyethanol did.",이정노(Jungno Lee),산업기술연구논문지 (JITR),2021,https://www.riss.kr/search/detail/DetailView.do?p_mat_type=1a0202e37d52c72d&control_no=955565745103997d7ecd42904f0c5d65,2026-07-13T06:49:13Z,candidate_unverified,none,mwbl-ingredient-evidence-filter-v1.1-fresh-riss
riss:phenoxyethanol:2c46c7f1f7e7843d,2c46c7f1f7e7843d3bc14cb849f22d2ef94a45ee1098bff1eabe49b49297d40b,2,phenoxyethanol,페녹시에탄올,Phenoxyethanol,Phenoxyethanol,5,d3eed73f51f1829d4884a65323211ff0,1a0202e37d52c72d,"화장품에서 1,3-부틸렌 글라이콜 및 알칸디올계 조성에 따른 방부력에 관한 연구","In recent years, parabens used as preservatives in cosmetics have become a problem of human safety. Therefore, in this study, we tried to evaluate the preservative efficacy of 1,3-butylene glycol, 1,2-hexanediol, and 1,2-pentanediol as a preservative system to replace parabens. 1,3-Butylene glycol was added to cosmetic creams at a concentration of between 5 and 25%. The preservative efficacy of 1,3-butylene glycol was determined using a M-3 challenge test, as recommended by the Personal Care Products Council (formally CTFA). The alkane diols, such as 1,2-hexanediol and 1,2-pentanediol, were assessed in a similar manner. An evaluation of the preservative efficacy of 1,3-butylene glycol revealed that it was effective against all tested microbial strains at a concentration of 25%. We also investigated the efficacy of combinations of 0.3% phenoxyethanol and 0.1% ethylhexylglycerin. Finally, we tested the alkane diols, including 1,2-hexanediol and 1,2-pentanediol, as an alternative to the preservative 0.3% phenoxyethanol. Both 1% 1,2-hexanediol and 1% 1,2-pentanediol demonstrated preservative efficacy. Taken together, our study demonstrated that the formulation of 25% 1,3-butylene glycol and 0.1% ethylhexylglycerin, 1% 1,2-hexanediol, and 1% 1,2-pentanediol had the best preservative efficacy of the compositions tested. Thus, this study suggests that the formulation is a possibility of substituting parabens preservatives, which has been used in cosmetics and has become a safety issue.","서지영 ( Ji Young Suh ),윤믿음 ( Mid Eum Yun ),이예슬 ( Ye Seul Lee ),현송화 ( Song Hua Xuan ),박동순 ( Dong Soon Park ),박수남 ( Soo Nam Park )",대한화장품학회지,2018,https://www.riss.kr/search/detail/DetailView.do?p_mat_type=1a0202e37d52c72d&control_no=d3eed73f51f1829d4884a65323211ff0,2026-07-13T06:49:13Z,candidate_unverified,none,mwbl-ingredient-evidence-filter-v1.1-fresh-riss
riss:phenoxyethanol:2c46c7f1f7e7843d,2c46c7f1f7e7843d3bc14cb849f22d2ef94a45ee1098bff1eabe49b49297d40b,2,phenoxyethanol,페녹시에탄올,Phenoxyethanol,Phenoxyethanol,6,b6edb3a0de36d376c85d2949c297615a,1a0202e37d52c72d,에멀젼 제형에서 수종의 폴리올이 방부 시스템에 미치는 영향,"It is inevitable to use chemical germicidal agents like paraben, imidazolidinyl urea and phenoxyethanol to preserve the emulsions which is usually used in cosmetics. Although these chemical preservatives are good enough to reduce the microbiological contamination, they are irritative, allergenic to the skin. Several kinds of polyols are used in cosmetics as moisturizer and solvent. In this study, we evaluate the effects of polyols on anti-microbial activities, safety and resistant index. MIC(minimal inhibitory concentration) of polyols determined against 6 germs including Staphylococcus aureus. The order of MIC was PG DPG 1,3BG > HG > 1,2-PD > 1,2-HD 1,2-OD. The 2~3 wt% of 1,2-HD(hexanediol) shows good anti-microbial effects in emulsions without allergenic response. Resistant index of 1,2-HD was less than 2 and this value was smaller than that of chemical preservatives. The mechanism of antimicrobilogical effect might be disturb the membrane of germs by investigating using electron microscope. Added to that, using this paradigm, low preservative contents, paraben-free system, and even preservative-free systems can be expected from these results.","조완구,조영진",한국응용과학기술학회지,2008,https://www.riss.kr/search/detail/DetailView.do?p_mat_type=1a0202e37d52c72d&control_no=b6edb3a0de36d376c85d2949c297615a,2026-07-13T06:49:13Z,candidate_unverified,none,mwbl-ingredient-evidence-filter-v1.1-fresh-riss
riss:phenoxyethanol:2c46c7f1f7e7843d,2c46c7f1f7e7843d3bc14cb849f22d2ef94a45ee1098bff1eabe49b49297d40b,2,phenoxyethanol,페녹시에탄올,Phenoxyethanol,Phenoxyethanol,7,f30871752c596d80e9810257f7042666,1a0202e37d52c72d,"화학방부제 배합량 감소를 위한 폴리올류의 항균, 방부영향력 연구","It is inevitable to use germicidal agents like parabens, imidazolidinyl urea, phenoxyethanol and chlorphenesin to preserve the cosmetics. Although effective in reducing microblological contamination, chemical preservatives are irritative, allergenic and even toxic to human skin. So it is needed to decrease or eliminate usage of preservatives in cosmetic products Glycerin, butylene glycol (BG), prorylene glycol (PG), and dipropylene glycol (DPG) are widely used in cosmetics as skin conditioning agent or solvents. At high concentrations, they have antimicrobial activities, but deteriorate product quality like sensory feeling or safety. The purpose of study is to evaluate the effects of polyols on antimicrobial and preservative efficacy and confirm whether using adjusted polyols can decrease the contents of preservatives without deterioration of the quality of cosmetics. Effects of common polyols on antimicrobial activities of general preservatives were measured. BG and PG significantly (p < 0.05) increased activities of preservatives, but glycerin influenced little. It was inferred from the regression analysis of the results with S. aureus that adding 1% of PG increased activities of preservatives up to 2.1~8.4 % and BG improved activities of preservatives up to 1.8~8.4 %. The challenge test results for oil in water lotions and creams showed that BG and PG improved the efficacy of preservative systems up to 40 % at a range of 5.5~9.9 %, but glycerin had little effect on it. The measured rates of improvement were analogous to the inferences from regression analysis. It can be concluded that is possible to reduce total chemical preservatives up to 40 %, consequently improve the safety and sensory quality of cosmetics with the precision control of polyols. Added to that, using this paradigm, low preservative contents, praraben-free system, and even preservative-free systems can be expected in the near future.","신계호 ( Kye Ho Shin ),곽일영 ( Il Young Kwack ),이성원 ( Sung Won Lee ),서경희 ( Kyung Hee Suh ),문성준 ( Sung Joon Moon ),장이섭 ( Ih Seop Chang )",대한화장품학회지,2007,https://www.riss.kr/search/detail/DetailView.do?p_mat_type=1a0202e37d52c72d&control_no=f30871752c596d80e9810257f7042666,2026-07-13T06:49:13Z,candidate_unverified,none,mwbl-ingredient-evidence-filter-v1.1-fresh-riss
riss:phenoxyethanol:2c46c7f1f7e7843d,2c46c7f1f7e7843d3bc14cb849f22d2ef94a45ee1098bff1eabe49b49297d40b,2,phenoxyethanol,페녹시에탄올,Phenoxyethanol,Phenoxyethanol,8,12009a0220b22eadb7998d826d417196,1a0202e37d52c72d,Simultaneous analysis and monitoring of thirteen preservatives in cosmetics by liquid chromatography,"The content of 13 preservatives was investigated for 107 sold in retail markets. A simultaneously analytical method of liquid chromatography (LC) for the preservatives in cosmetics was developed using an AcQuityTM Ultra Performance LC System (Waters), BEH C18 column (150 mm✕2.1 mm, 1.7 ㎛) and Photo Diode Array (PDA) detector (λ; 220 ㎚ for quantitative analysis, λ; 190~400 ㎚ for qualitative analysis). The developed instrumental method was validated using limit of detection (LOD), limit of quantification (LOQ), precision, accuracy, and linearity of standard curves. LOD and LOQ were lower than 0.23 ㎎/ℓ and 0.75 ㎎/ℓ, respectively. When standard compounds were analyzed seven times consecutively at the LOQ level, precision and accuracy were lower than 2.49% and 2.04%, respectively. Good linear relationships (R2≥0.9998) were obtained for all compounds. Recoveries ranged between 96.03% and 102.61% and the overall variability was below 3% (RSD). The type of cosmetics showing the lowest detection rate of target compounds was sunscreen lotion, with a detection rate of 42.9%, followed by baby lotions and mask packs with the same detection rate at 69.2%. At least one of the target preservatives was detected in 82.4% of creams, 93.3% of skin toners, 95.2% of lotions, and 92.9% of body lotions. Overall, 79.4% of all samples contained at least one of the target compounds. The most frequently detected compound was phenoxyethanol. Methyl and propyl paraben also had a higher detection rate than the others, except phenoxyethanol. Although the target preservatives in cosmetics sold in retail markets were detected by the simultaneous analysis of LC, the content of the detected preservatives was within the maximum allowed amount established by the Korean FDA.","류영재,윤영원,이범준,윤건묵,윤방한,이보영,민필기,윤지영,남상윤",예방수의학회지,2013,https://www.riss.kr/search/detail/DetailView.do?p_mat_type=1a0202e37d52c72d&control_no=12009a0220b22eadb7998d826d417196,2026-07-13T06:49:13Z,candidate_unverified,none,mwbl-ingredient-evidence-filter-v1.1-fresh-riss
riss:phenoxyethanol:2c46c7f1f7e7843d,2c46c7f1f7e7843d3bc14cb849f22d2ef94a45ee1098bff1eabe49b49297d40b,2,phenoxyethanol,페녹시에탄올,Phenoxyethanol,Phenoxyethanol,9,6b0bd98c89ab93d3ffe0bdc3ef48d419,1a0202e37d52c72d,Original article: Simultaneous analysis and monitoring of thirteen preservatives in cosmetics by liquid chromatography,"The content of 13 preservatives was investigated for 107 sold in retail markets. A simultaneously analytical method of liquid chromatography, LC, for the preservatives in cosmetics was developed using an AvQuityTM Ultra performance LC System, Waters, BEH C18 column, 150mmx2.1mm,1.7 ㎛, and photo Diode Array, PDA, detector λ;220 nm for quantitative analysis, λ;190∼400nm for qualitative analysis. The developed instrumental method was validated using limit of detection, LOD, limit of quantification, LOQ, precision, accuracy, and linearity of standard curves. LOD and LOQ wre lower than 0.23mg/l and 0.75mg/l, respectively. When standard compounds were analyzed seven times consecutively at the LOQ level, precision and accuracy were lower than 2.49% and, 2.04%, respectively. Good linear relationships, R2 ⊇0.9998, were obtained for all compounds. Recoveries ranged between 96.03% and 102.61%and the overall variability was below 3%, RSD, The type of cosmetics showing the lowest detection rate of target compounds was sunscreen lotion, with a detection rate of 42.9%, followed by baby lotions and mask packs with the same detection rate at 69.2% At least one of the target preservatives was detected in 82.4% of creams, 93.3% of skin toners, 95.2% of lotions, and 92.9% of body lotions. Overall 79.4% of all samples contained at least one of the target compounds. The most frequently detected compound was phenoxyethanol. Methyl and propyl paraben also had a higher detection rate than the others, except, phenoxyethanol. Although the target preservatives in cosmetics sold in retail markets were detected by the simultaneous analysis of LC, the content of the detected preservatives was within the maximum allowed amount established by the Korean FDA.","( Yong Jae Ryu ),( Gun Mook Yoon ),( Bang Han Yun ),( Bo Young Lee ),( Pil Ki Min ),( Ji Young Yun ),( Sang Yoon Nam ),( Beom Jun Lee ),( Young Won Yoon )",예방수의학회지,2013,https://www.riss.kr/search/detail/DetailView.do?p_mat_type=1a0202e37d52c72d&control_no=6b0bd98c89ab93d3ffe0bdc3ef48d419,2026-07-13T06:49:13Z,candidate_unverified,none,mwbl-ingredient-evidence-filter-v1.1-fresh-riss
riss:phenoxyethanol:2c46c7f1f7e7843d,2c46c7f1f7e7843d3bc14cb849f22d2ef94a45ee1098bff1eabe49b49297d40b,2,phenoxyethanol,페녹시에탄올,Phenoxyethanol,Phenoxyethanol,10,5e775d821fef5e507f7a54760bb41745,1a0202e37d52c72d,여드름 유발균 Propionibacterium acnes에 대한녹나무과 10종의 항균활성,"This study was performed to develop a new natural antimicrobial materials by analyzing the effect of extracts obtained from Ten Lauraceae Species on the inhibitory activity against Propionibacterium acnes. The plant materials were collected from Wando and Jeju islands, and the antimicrobial activity of the crude extracts was examined by the agar diffusion method with different part (i.e., leaf and branch), solvents (i.e., distilled water, 80% ethanol, and 100% methanol) and at different ultrasonic extracting times (i.e., 15, 30, and 45 minutes). The control agents used were synthetic antimicrobials, methylparaben and phenoxyethanol, at concentrations of 0.4, 1, 2, and 4 ㎎/disc. Altogether, extracts of 10 species used in the study showed inhibitory activity, which confirmed their antimicrobial action against acnes. Among these, leaves of Laurus nobilis L. which was extracted in 80% ethanol for 45 min showed the largest clear zone (19.8 ㎜). Leaves of L. nobilis L., showing highest antimicrobial activities among 10 species, were successively reextracted with n-hexane, chloroform, ethylacetate and n-butanol. As a results, in all fractions except butanol, clear zone above 10 ㎜ were formed. The ethyl acetate fraction showed the highest inhibitory activity (13.3 ㎜) and the inhibitory activity was significantly higher than that of crude extract (10.2 ㎜) and phenoxyethanol as a control (12.5 ㎜). 본 연구는 녹나무과 10종의 추출물이 Propionibacterium acnes의 억제활성에 미치는 영향을 분석하여 새로운 천연 항균소재를 개발하기위해 수행되었다. 실험재료는 완도와 제주도에서 채집하였으며, 부위(잎, 가지), 용매(증류수, 80% 에탄올, 100% 메탄올) 및 초음파 추출시간(15, 30, 45분)에 따른 조추출물의 항균활성을 agar diffusion method로 조사하였다. 대조구로는 합성항균제인 methylparaben과 phenoxyethanol 0.4, 1, 2, 4 ㎎/disc를 사용하였다. 연구에 사용된 10종의 모든 추출물에서 억제활성을 보였으며, 여드름균에 대한 항균작용을 확인할 수 있었다. 이 중 월계수는 80% 에탄올에 45분간 추출한 조건에서 20.2 ㎜의 생육억제환을 나타내어 가장 우수한 여드름균에 대한 항균작용을 확인할 수 있었다. 월계수 잎을 100% 메탄올을 용매로 초음파 30분 추출한 다음 n-hexane, chloroform, ethyl acetate, n-butanol 그리고 water 순으로 용매 분획하여항균활성을 비교분석하였다. 결과, butanol 분획물을 제외한모든 분획물에서 10.0 ㎜ 이상의 억제환이 형성되었다. 그중ethyl acetate 분획물에서 억제환이 13.3 ㎜로 가장 컸으며, 조추출물(10.2 ㎜)과 대조구인 phenoxyethanol (12.5 ㎜)에 비해서도 유의적으로 우수한 억제활성을 나타내었다.","조주성,지래원,장보국,정헌상,이철희",한국자원식물학회지,2018,https://www.riss.kr/search/detail/DetailView.do?p_mat_type=1a0202e37d52c72d&control_no=5e775d821fef5e507f7a54760bb41745,2026-07-13T06:49:13Z,candidate_unverified,none,mwbl-ingredient-evidence-filter-v1.1-fresh-riss
riss:phenoxyethanol:2c46c7f1f7e7843d,2c46c7f1f7e7843d3bc14cb849f22d2ef94a45ee1098bff1eabe49b49297d40b,2,phenoxyethanol,페녹시에탄올,Phenoxyethanol,Phenoxyethanol,11,fb707938995367bb7ecd42904f0c5d65,1a0202e37d52c72d,"UPLC TM 를 이용한 화장품 중 보존제 8종(파라벤 6종, 페녹시에탄올, 클로페네신)의 동시분석","Parabens are used in nearly all types of cosmetics and toiletries because they are formulated well and have broad spectrum of activity, inertness, low costs and excellent chemical stability in relation to pH. 2-phenoxyethanol and chlorphenesin are common preservatives which are usually used in combination with parabens in cosmetics. Toxicity of parabens is generally low but application of parabens to damaged or broken skin has resulted in sensitization. Moreover, the possibility of their estrogenic potential, anesthetic effects and reproductive toxicity has been reported. Consequently there are some regulations in use of parabens. And the maximum permitted concentrations of chlorphenesin and 2-phenoxyethanol in cosmetic products are authorized by the same reasons. So it is important to control and estimate the amount of parabens in products. In this article, we proposed a valid method for the simultaneous determination of 8 preservatives including parabens in a short time using ultra performance liquid chromatography TM (UPLC TM ). Separation of eight components was achieved in less than 10 min and resolutions were reasonable (USP resolution 2). And limit of detection and quantification were evaluated. The method was suitably validated for specificity, linearity, precision (repeatability, intermediate precision) and accuracy for assay (recovery) based on International conference on harmonisation (ICH) guideline. The method was applicable to analysis of preservatives in cosmetic products.","박정은 ( Jeong Eun Park ),이소미 ( So Mi Lee ),정혜진 ( Hye Jin Jeong ),장이섭 ( Ih Seop Chang )",대한화장품학회지,2007,https://www.riss.kr/search/detail/DetailView.do?p_mat_type=1a0202e37d52c72d&control_no=fb707938995367bb7ecd42904f0c5d65,2026-07-13T06:49:13Z,candidate_unverified,none,mwbl-ingredient-evidence-filter-v1.1-fresh-riss
riss:phenoxyethanol:2c46c7f1f7e7843d,2c46c7f1f7e7843d3bc14cb849f22d2ef94a45ee1098bff1eabe49b49297d40b,2,phenoxyethanol,페녹시에탄올,Phenoxyethanol,Phenoxyethanol,12,e8cf272f89cb4981b36097776a77e665,1a0202e37d52c72d,"가스크로마토그래피를 이용한 화장품 중 항균작용의 3종의 직쇄상 1,2-알칸디올류의 동시분석","Preservatives such as paraben, phenoxyethanol, and chlorphene are commonly used in cosmetics thanks to cheap price and good antiseptic effect. Recently, consumers’ concerns about their possible toxicity and skin irritation forced them to be replaced with straight 1,2-alkanediols. However, as the alkanediols may also irritate skin, limited amount of them should be used in cosmetics. Three 1,2-alkanediols including 1,2-pentanediol, 1,2-hexanediol, and 1,2-octanediol in cosmetics were analyzed simultaneously by gas chromatogrphy with flame ionization detector. As a result of method validation, the specificity was confirmed by the calibration curves of 1,2-pentanediol, 1,2-hexanediol, and 1,2-octanediol showing good linearity correlation coefficient of above 0.999 over the concentration range of 100 ~ 1,200 μg/g. The limit of detection (LOD) and quantification (LOQ) of 1,2-pentanediol, 1,2-hexanediol, and 1,2-octanediol were 31, 40, and 19 μg/g and 98, 108, and 57 μg/g, respectively. The precision (Repeatability) of the amount in cosmetics showed less than 2.0%. Relative Standard Deviation (% RSD) and the Accuracy (% recovery) of the amount in cosmetics showed 99.3 ~ 103.3, 99.4 ~ 106.7, 97.5 ~ 107.3% respectively. As a result, simultaneous analysis of antimicrobial three 1,2-alkanediols in cosmetics were possible. This method can be utilized in accurate quantitative analysis of 1,2-alkanediols in cosmetics.","이후섭 ( Hoo Seob Lee ),이상훈 ( Sang Hun Lee ),김은죽 ( Eun Juk Kim ),정철희 ( Cheol Hee Chung ),표형배 ( Hyeong Bae Pyo )",대한화장품학회지,2014,https://www.riss.kr/search/detail/DetailView.do?p_mat_type=1a0202e37d52c72d&control_no=e8cf272f89cb4981b36097776a77e665,2026-07-13T06:49:13Z,candidate_unverified,none,mwbl-ingredient-evidence-filter-v1.1-fresh-riss
riss:phenoxyethanol:2c46c7f1f7e7843d,2c46c7f1f7e7843d3bc14cb849f22d2ef94a45ee1098bff1eabe49b49297d40b,2,phenoxyethanol,페녹시에탄올,Phenoxyethanol,Phenoxyethanol,13,b3c56b0613580bc36aae8a972f9116fb,1a0202e37d52c72d,"1,2-헥산다이올 및 옥탄다이올이 함유된 화장품의 방부력 연구","Cosmetics is the product of culture that developed with the history of human civilization, and the cosmetics industry has made rapid progress in keeping with human desire for beauty and longing. In this study, preservative components essential for the safety and usefulness of cosmetics are currently used as solvents and moisturizers, and 1,2-hexanediol and octanediol components, which are reported to have no skin irritation even if the content is high, are compared to phenoxyethanol, which uses them as existing preservatives. To check the content of the preservatives substitute ingredient. Experimental formulation was applied to sheet mask formulation, hydrogel formulation and cream formulation. In conclusion, as preservative-free formula, 1,2-hexanediol 3.0%, octanediol 0.7% for cream type and octanediol 0.7% for sheet mask formula can be used. Also it would be possible to apply 1,2-hexanediol 2.0%, 2.5% and 3.0%, octanediol 0.3%, 0.5%, and 0.7% in general bacteria and yeast except fungi.",민영희(Young-Hee Min),한국화장품미용학회지,2020,https://www.riss.kr/search/detail/DetailView.do?p_mat_type=1a0202e37d52c72d&control_no=b3c56b0613580bc36aae8a972f9116fb,2026-07-13T06:49:13Z,candidate_unverified,none,mwbl-ingredient-evidence-filter-v1.1-fresh-riss
riss:phenoxyethanol:2c46c7f1f7e7843d,2c46c7f1f7e7843d3bc14cb849f22d2ef94a45ee1098bff1eabe49b49297d40b,2,phenoxyethanol,페녹시에탄올,Phenoxyethanol,Phenoxyethanol,14,df823791760406a0,1a0202e37d52c72d,Short Report: Euxyl K400에 의한 알레르기성 접촉피부염,"Methyldibromoglutaronitrile(MDGN) is a component of Euxyl K400, a preservative used in many skin care products in Europe. MDGN has been used in cosmetics in the United States and Korea. A sudden increased incidence of contact allergy from MDGN has been reported in 소디 United states. However, there has been no report in Korea. We report a case with persistent contact dermatitis from a cream containing Euxyl K400. Patch testing of cosmetics and of one of its ingredients, Euxyl K 400, revealed strong positive reactions. Upon testing 2-phenoxyethanol(one component of Euxyl K 400) and Euxyl K400 itself, Euxyl K400, not 2-phenoxyethanol showed a positive reaction. MDGN in Euxyl K400 is an important new sensitizer in cosmetics, with the increase of its use, it should be included in patch test battery of patients with allergic contact dermatitis. (Korean J Dermatol 2000;38(2):283~285)","장성은 ( Sung Eun Chang ),한만희 ( Man Hee Han ),최지호 ( Jee Ho Choi ),성경제 ( Kyung Jeh Sung ),문기찬 ( Kee Chan Moon ),고재경 ( Jai Kyoung Koh )",대한피부과학회지,2000,https://www.riss.kr/search/detail/DetailView.do?p_mat_type=1a0202e37d52c72d&control_no=df823791760406a0,2026-07-13T06:49:13Z,candidate_unverified,none,mwbl-ingredient-evidence-filter-v1.1-fresh-riss
riss:phenoxyethanol:2c46c7f1f7e7843d,2c46c7f1f7e7843d3bc14cb849f22d2ef94a45ee1098bff1eabe49b49297d40b,2,phenoxyethanol,페녹시에탄올,Phenoxyethanol,Phenoxyethanol,15,a5a5e3c232b195d9ffe0bdc3ef48d419,1a0202e37d52c72d,안면부 아토피 피부염에서 첩포시험의 중요성,"Background: Although contact sensitivity in atopic dermatitis(AD) patients considered to be decreased, several recent studies reported the possibility of the contact dermatitis in severe, refractory AD patients. Objective: The aim of this study was to evaluate the possibility of allergic contact dermatitis(ACD) in face or neck lesions of severe and refractory AD. Methods: 12 atopic dermatitis patients (4 male and 8 female; mean age 22.6±4.8 years, range 19-37 years), who had severe and refractory lesion of face and/or neck, were patch tested with Korean standard series, cosmetics as is, detergents, topical medicaments or cosmetic series. Result: Yen out of the twelve patients (83.3%) had positive reactions one or more of the following products: nickel sulfate(positive reaction: 1 patient), cobalt chloride(1), paraben mix(1), lotion(4), cream(3), nail lacquer(1), soap(3), shampoo(3), rinse(2), tooth paste(1), nizoral(1), gentamycin(1), 2-tert-butyl-4-methoxy phenol(1), octyl gallate(1), imidazolidinyl urea(2), hexamethylen-tetramin(1), parabens(1), chloracetamide(1), 2-OH-4-methoxy-benxophenon(1), cocamidopropyl betaine(2), CI+Me-Isothiazolinone(1), dodecyl gallate(3), 2-Phenoxyethanol(1), diazolidinyl urea(1), dmdm hydantoin(1). 5 of 7 patients who were followed up by the telephone after 18 months to 4 years told improvement of their skin lesion after avoidance of reactive materials. 2 of 5 patients had seasonal influence, but 2 remaining did not have any changes of the lesions. Conclusion: Our results suggest that it is possible for AD patients to have ACD at the same time, especially on the severe, persistent and refractory skin lesions on the face and/or neck, and we have to recommend the patients to get patch tests for suspected materials. (Korean J Dermatol 2003;41(7): 894~898)","김경록 ( Kyung Lok Kim ),최준 ( Jun Choi ),이애영 ( Ai Young Lee )",대한피부과학회지,2003,https://www.riss.kr/search/detail/DetailView.do?p_mat_type=1a0202e37d52c72d&control_no=a5a5e3c232b195d9ffe0bdc3ef48d419,2026-07-13T06:49:13Z,candidate_unverified,none,mwbl-ingredient-evidence-filter-v1.1-fresh-riss
riss:tocopherol:a4fffd21f60a5470,a4fffd21f60a54705942b7931b6aa4f46bacdbacfee923c5dade8558b62f3aa1,4,tocopherol,토코페롤,Tocopherol,Tocopherol,1,0b7c3587eb7ad7494884a65323211ff0,1a0202e37d52c72d,쥐(rats)의 full-thickness skin grafts에 대한 hyperbaric oxygen과 α-tocopherol의 효과,"To document that effects of hyperbaric oxygen(HBO) and ${\alpha}-tocopherol$ on full-thickness skin grafts in rat, we performed full-thickness skin grafts bilaterally on each rats. The HBO-treated rats were received HBO twice daily for 90 minutes at 2 ATA. Surgical control rats were not treated with HBO. ${\alpha}-tocopherol$ treated rats were received the agent via oral gastric tube daily for 3 days preoperative and a fourth dose 1 to 2 hours postoperative. HBO plus ${\alpha}-tocopherol$ treated rats were received HBO and ${\alpha}-tocopherol$ as mentioned above. Biopsy specimens were taken from each rat at the time of grafting and on days 2, 4, 7, 10, 14, 21, and 28, then were processed for tissue-concentration of total glutathione(GSHt), oxidized/reduced glutathione level, and thiobarbituric acid-reactive substance(TBARS) levels. The percentage of viable graft on day 10 ranged from 67 to 93%, and was not significantly different among the each other groups. The percentage of viable graft were, however, higher in HBO plus ${\alpha}-tocopherol$ treated rats(78.6%) than in HBO alone treated rats(59.1%), ${\alpha}-tocopherol$ alone treated rats(66.7%) and surgical control rats(58.2%). TBARS concentration had a significant increase from preoperative concentration at day 2, and peak concentration at day 4(p<0.01). Concentration then decreased to preoperative concentration at day 28. GSHt concentration of free skin graft had a similar patteren of change in four groups and decreased significantly from preoperative concentration at day 2, returning to preoperative concentration by day 7(surgical control, HBO-treated, and ${\alpha}-tocopherol-treated$, alone) and 28(HBO plus ${\alpha}-tocopherol-treated$). Percentage of the concentration of reduced glutathione decreased in surgical control, HBO-treated and, ${\alpha}-tocopherol-treated$(p<0.05), and HBO plus ${\alpha}-tocopherol-treared$(p<0.01) on day 7 after surgery, whereas the concentration of oxidized increased significantly in HBO-treated(p<0.05), ${\alpha}-tocopherol-treated$(p<0.05), and HBO plus ${\alpha}-tocopherol-treated$(p<0.01).","김종수,김충희,김곤섭,하대식,박성근,김양미,Kim, Jong-shu,Kim, Chung-hul,Kim, Gon-sup,Hah, Dae-sik,Park, Sun-gun,Kim, Yang-mi",대한수의학회지,2000,https://www.riss.kr/search/detail/DetailView.do?p_mat_type=1a0202e37d52c72d&control_no=0b7c3587eb7ad7494884a65323211ff0,2026-07-13T06:49:34Z,candidate_unverified,none,mwbl-ingredient-evidence-filter-v1.1-fresh-riss
riss:tocopherol:a4fffd21f60a5470,a4fffd21f60a54705942b7931b6aa4f46bacdbacfee923c5dade8558b62f3aa1,4,tocopherol,토코페롤,Tocopherol,Tocopherol,2,6048905ae59ebd9bffe0bdc3ef48d419,1a0202e37d52c72d,Effects of Hyperbaric Oxygen and α-Tocopherol on Skin Antioxidant Enzymes Defence in Rats,"In order to test the effects of hyperbaric oxygen (HBO) and α-tocopherol on full-thickness skin grafts in rats, we performed full-thickness skin grafts bilaterally on rats. After surgery, we analyzed the tissue-concentrations of superoxide dismutase (SOD), catalase, and glutathione peroxidase(GPx)/reductase(GPr) on days 0, 2, 4, 7, 10, 14, 21 and 28. The four groups had similar patterns of change in SOD, catalase, GPx and GPr values. SOD increased initially, and was significantly increased at day 7, returning to the preoperative activity level on day 14 (control, HBO, and α-tocopherol treated alone) and 28 (HBO plus α-tocopherol). Catalase had a similar pattern of change as the SOD enzyme activity, except for the surgical control on day 2. Glutathione peroxidase/reductase activity in the four groups had a similar pattern of enzyme activity, with a significant increase from preoperative level on day 4, peaking during days 7 to 10, and returning to preoperative level on day 21(surgical control, HBO, and α-tocopherol-treated alone) and 28 (HBO plus α-tocopherol treated group). Hence, the clinical use of HBO and α-tocopherol mixture can be recommended as an adjunctive treatment fro free skin grafts in rats. But, the antioxidant used, its dose, and the timing of its administration, as well as, the exposure time and the pressure of HBO, should be the subject of further research.","Jong-Shu Kim,Chung-Hui Kim,Gon-Sup Kim,Dae-Sik Hah,Sun-Gun Park,Yang-Mi Kim",Toxicological Research,2001,https://www.riss.kr/search/detail/DetailView.do?p_mat_type=1a0202e37d52c72d&control_no=6048905ae59ebd9bffe0bdc3ef48d419,2026-07-13T06:49:34Z,candidate_unverified,none,mwbl-ingredient-evidence-filter-v1.1-fresh-riss
riss:tocopherol:a4fffd21f60a5470,a4fffd21f60a54705942b7931b6aa4f46bacdbacfee923c5dade8558b62f3aa1,4,tocopherol,토코페롤,Tocopherol,Tocopherol,3,328016e58b8aa56affe0bdc3ef48d419,1a0202e37d52c72d,Study on the binding property of vitamin E(α-tocopherol) during skin permeation,"An experimental and a theoretical approach to study the binding property of vitamin E during skin permeation study have been developed. In vitro skin permeation studies with whole skin and stripped skin were performed. The amount of vitamin E which is freely diffusable, attends in diffusion process, was determined from the permeation profiles of whole skin and stripped skin by employing double layer model; the concentration of vitamin E in the stratum corneum and viable dermis calculated separately. By subtracting this amount from the total concentration of vitamin E in the skin, the amount of bound vitamin E was determined. After skin permeation study, desorption experiment was performed. And the extracted amount of strongly bound vitamin E was evaluated. During the entire period of desorption experiment, the amount of vitamin E in the receptor solution hardly increased and remained almost constant after the removal of donor solution. After the desorption experiment, the drug concentration was completely extracted from the skin. We found that an appreciable amount of vitamin E still remained in the skin. About 30 % of vitamin E was found to bound to the skin.","Cho, Ae Ri",자연과학 논문집,1997,https://www.riss.kr/search/detail/DetailView.do?p_mat_type=1a0202e37d52c72d&control_no=328016e58b8aa56affe0bdc3ef48d419,2026-07-13T06:49:34Z,candidate_unverified,none,mwbl-ingredient-evidence-filter-v1.1-fresh-riss
riss:tocopherol:a4fffd21f60a5470,a4fffd21f60a54705942b7931b6aa4f46bacdbacfee923c5dade8558b62f3aa1,4,tocopherol,토코페롤,Tocopherol,Tocopherol,4,4496dc8a7f34d359b7998d826d417196,1a0202e37d52c72d,Alpha-tocopherol-incorporating liposomes as efficient protectors from skin cell damages by single infrared-A irradiation with cold stress,"Considering that skin cells are exposed simultaneously to multiple stimuli in our daily life, the biological responses of skin cells to acute infrared-A (IRA) irradiation with cold stress were examined in this study. Synergistic cellular damages by single IRA exposure and cold stress (IRC) at 4 °C were investigated for human dermal fibroblasts and keratinocytes based on the cellular and mitochondrial reactive oxygen species (ROS) level, apoptotic responses, cell migration, and photoaging. After formulation of alpha-tocopherol-incorporating liposomes (Toc/Lip), their physicochemical characteristics and protective effect against IRC were investigated. Sequential exposure to IRC significantly increased the cellular and mitochondrial ROS, attenuated cell migration, elicited cellular apoptosis, and induced senescence-associated beta-galactosidase activity for fibroblasts. Toc/Lips (size of 163.6 ± 18.7 nm; surface charge of − 8.8 ± 1.8 mV) considerably attenuated the mitochondrial ROS, improved wound closure, and reduced cellular apoptosis. Finally, highly stable Toc/Lip successfully protected Toc from IRA-induced photodegradation. Single IRC exposure elicited severe biological damages to fibroblasts and keratinocytes, which was protected successfully by Toc/Lips. Accordingly, protection of skin cells using Toc/Lips might be crucial for anti-aging and healthy skin tissues in daily life.","So Chaewon,You Gayeon,Song Jihyeon,Yang Jiwon,Lee Hyeondo,Lee Aejin,Yeo Sangho,김수지,이준배,목혜정",Biotechnology and Bioprocess Engineering,2025,https://www.riss.kr/search/detail/DetailView.do?p_mat_type=1a0202e37d52c72d&control_no=4496dc8a7f34d359b7998d826d417196,2026-07-13T06:49:34Z,candidate_unverified,none,mwbl-ingredient-evidence-filter-v1.1-fresh-riss
riss:tocopherol:a4fffd21f60a5470,a4fffd21f60a54705942b7931b6aa4f46bacdbacfee923c5dade8558b62f3aa1,4,tocopherol,토코페롤,Tocopherol,Tocopherol,5,5c6798eed4ab506f7f7a54760bb41745,1a0202e37d52c72d,Effects of Hyperbaric Oxygen and $\alpha$-Tocopherol on Skin Antioxidant Enzymes Defence in Rats,"In order to test the effects of hyperbaric oxygen (HBO) and $\alpha$-tocopherol on full-thickness skin grafts in rats, we peeformed full-thickness skin grafts bilaterally on rats. After surgery, we analyzed the tissue-concentrations of superoxide dismutase (SOD), catalase, and glutathione peroxidase(GPx)/reductase(GPr) on days 0, 2, 4, 7, 10, 14, 21 and 28. The four groups had similar patterns of change in SOD, catalase, GPx and GPr values. SOD increased initially, and was significantly increased at day 7, returning to the preoperative activity level on day 14 (control, HBO, and $\alpha$-tocopherol treated alone) and 28 (HBO plus $\alpha$-tocopherol). Catalase had a similar pattern of change as the SOD enzyme activity, except for the surgical control on day 2. Glutathione peroxidase/reductase activity in the four groups had a similar pat-tern of enzyme activity, with a significant increase from preoperative level on day 4, peaking during days 7 to 10, and returning to preoperative level on day 21(surgical control, HBO, and $\alpha$-tocopherol-treated alone) and 28 (HBO plus $\alpha$-tocopherol treated group). Hence, the clinical use of HBO and $\alpha$-tocopherol mixture can be recommended as an adjunctive treatment for free skin grafts in rats. But, the antioxidant used, its dose, and the timing of its administration, as well as, the exposure time and the pressure of HBO, should be the subject of further research.","Kim, Jang-Shu,Kim, Chung-Hui,Kim, Gon-Sup,Hah, Dae-Sik,Park, Sun-Gun,Kim, Yang-Mi",Toxicological Research,2001,https://www.riss.kr/search/detail/DetailView.do?p_mat_type=1a0202e37d52c72d&control_no=5c6798eed4ab506f7f7a54760bb41745,2026-07-13T06:49:34Z,candidate_unverified,none,mwbl-ingredient-evidence-filter-v1.1-fresh-riss
riss:tocopherol:a4fffd21f60a5470,a4fffd21f60a54705942b7931b6aa4f46bacdbacfee923c5dade8558b62f3aa1,4,tocopherol,토코페롤,Tocopherol,Tocopherol,6,bf498cad07054b85ffe0bdc3ef48d419,1a0202e37d52c72d,Topical application of α-tocopherol modulates the antioxidant network and diminishes ultraviolet-induced oxidative damage in murine skin,,황동규,診斷과治療,1998,https://www.riss.kr/search/detail/DetailView.do?p_mat_type=1a0202e37d52c72d&control_no=bf498cad07054b85ffe0bdc3ef48d419,2026-07-13T06:49:34Z,candidate_unverified,none,mwbl-ingredient-evidence-filter-v1.1-fresh-riss
riss:tocopherol:a4fffd21f60a5470,a4fffd21f60a54705942b7931b6aa4f46bacdbacfee923c5dade8558b62f3aa1,4,tocopherol,토코페롤,Tocopherol,Tocopherol,7,bc547cff901487d1ffe0bdc3ef48d419,1a0202e37d52c72d,Sensitive skin: what is it? How should we handle it?,"“Sensitive skin” is a self-diagnosed condition, a subjective cutaneous hyper-reactivity to environmental factors. Subjects experiencing this condition report exaggerated reactions including itching, burning, stinging and tight sensation when their skin is in contact with cosmetics, soaps and sunscreens. Substances not commonly considered irritants may cause irritation. Patients with sensitive skin have very dry skin with low lipids, disturbed skin barrier function, increased transcutaneous penetration of water-soluble chemicals, hyperreaction of cutaneous blood vessels, enhanced immune responsiveness, reduced alkali resistance and increased neurosensory stimulation. Many have atopic background or concomitant rosacea. Materials that help sensitive skin include niacinamide (vitamin B3), panthenol (provitamin B5), vitamin E (tocopherol), ceramides, and metals such as zinc, copper, selenium, strontium and magnesium. On the other hand, vitamin A products, hydroxyl acids (esp. glycolic acid, lactic acid and salicylic acid), preservatives (formaldehyde, quaternium 15, paraben, etc.), fragrances (cinnamic acid compounds), propylene glycol, quaternary ammonium compounds, sodium lauryl sulfate, urea, scrubs/ exfoliants, vitamin C and oxybenzone should be avoided in these patients. Appropriate skin care for sensitive skin consists of gentle cleansing with mild, neutral products, effective moisturization, and UVA/UVB protection. For facial cleanser, mild liquid cleansers or self-foaming wash with pH similar to skin, high rinsibility, nonionic and silicone surfactants, and added emollients and humectants are best because they damage the skin barrier the least. Moisturizers should have occlusives and humectants in an ideal combination. Among occlusives, mineral oil and petrolatum are the most effective; silicone derivatives (dimethicone, cyclomethicone), lecithin, squalene, paraffin and soybean oil are also safe to use. Among humectants, glycerin and glycerol are the most effective. For sunscreen, physical (inorganic) filters such as zinc oxide and titanium dioxide are better than chemical (organic) filters because they are broad spectrum, safe, photostable and non-irritating. When consulting patients with sensitive skin, dermatologists should keep in mind the principle of and products for achieving skin barrier repair without irritation so that they can provide to these patients specific advice on which products to choose.",조소연 ( So Yun Cho ),대한피부과학회 학술발표대회집,2013,https://www.riss.kr/search/detail/DetailView.do?p_mat_type=1a0202e37d52c72d&control_no=bc547cff901487d1ffe0bdc3ef48d419,2026-07-13T06:49:34Z,candidate_unverified,none,mwbl-ingredient-evidence-filter-v1.1-fresh-riss
riss:tocopherol:a4fffd21f60a5470,a4fffd21f60a54705942b7931b6aa4f46bacdbacfee923c5dade8558b62f3aa1,4,tocopherol,토코페롤,Tocopherol,Tocopherol,8,97af9423af0a9c78,1a0202e37d52c72d,A Study of a Selection of Antidotes for Paraquat - induced Skin Damage,"Background: Paraquat is a widely used herbicide, known to cause lethal toxicity in humans. Most studies about paraquat have concentrated on systemic toxicity, however several cases of paraquat-induced dermatitis have been reported. Objective: The purpose of this study was to confirm the cutaneous toxic effect of paraquat and to select potential antidotes in paraquat-induced dermatitis. Methods: Keratinocyte toxicity due to paraquat and the toxicity reduction capacity of several drugs were investigated in eitro. Topical effects of these drugs on paraquat-induced dermatitis in guinea pig skin was also investigated. Results: Over 50% of keratinocytes failed to survive at a concentration of 2X10-4M paraquat by a neutral red uptake assay. Skin irritation by paraquat was observed at 2% concentration by non-invasive methods as well as a skin biopsy. Dexamethasone, glutathione and tocopherol showed some capacity to reduce paraquat-induced keratinocyte toxicity in vitro. Only dexamethasone, however, showed a reduction of cutaneous blood flow volume and dermal inflammatory cell infiltration in the guinea pig study. Conclusion: This result indicates the possible in eitro protective effect of paraquat toxicity in glutathione and tocopherol. Dexamethasone was capable of reducing paraquat-induced cytotoxicity and dermatitis both in vitro and in vivo. (Ann Dermatol 10:(1) 13-19, 1998).","Byung Su Kim,Hee Chul Eun,Ho Gyun Lee,Jin Ho Chung",Annals of Dermatology,1998,https://www.riss.kr/search/detail/DetailView.do?p_mat_type=1a0202e37d52c72d&control_no=97af9423af0a9c78,2026-07-13T06:49:34Z,candidate_unverified,none,mwbl-ingredient-evidence-filter-v1.1-fresh-riss
riss:tocopherol:a4fffd21f60a5470,a4fffd21f60a54705942b7931b6aa4f46bacdbacfee923c5dade8558b62f3aa1,4,tocopherol,토코페롤,Tocopherol,Tocopherol,9,86435fc4b718538c7ecd42904f0c5d65,1a0202e37d52c72d,Review of topical vitamins in photoaging skin,"Photoaging is a process of normal skin architecture damage caused by ultraviolet radiation. Topical vitamins have been used to treat these conditions. The authors aimed to understand the mechanism and level of evidence of topical vitamins used to treat photodamaged skin. A range of topical vitamins has been used in cosmetic medicine for many years to treat photodamaged skin. This review article compares their efficacy and level of evidence. This study was a systematic review to evaluate the efficacy of different topical vitamins. Keywords including “Photoaging,” “Botanicals,” “Peptides,” “Retinoids,” “Vitamins” were searched on Ovid, PubMed, MEDLINE for relevant studies published on photoaging treatment. There is a wealth of Level I evidence supporting the use of topical retinoic acid, vitamins B and C. There is evidence supporting the use of topical vitamin E although it is mainly drawn from Level IV studies of the evidence hierarchy. Topical vitamins can effectively treat photodamaged skin. Level of Evidence: I","Cheuk Hung Lee(Cheuk Hung Lee),Kar Wai Alvin Lee(Kar Wai Alvin Lee),Kwin Wah Chan(Kwin Wah Chan),Kar Fai Victor Lee(Kar Fai Victor Lee),Kar Wai Phoebe Lam(Kar Wai Phoebe Lam )",대한미용의학회지,2022,https://www.riss.kr/search/detail/DetailView.do?p_mat_type=1a0202e37d52c72d&control_no=86435fc4b718538c7ecd42904f0c5d65,2026-07-13T06:49:34Z,candidate_unverified,none,mwbl-ingredient-evidence-filter-v1.1-fresh-riss
riss:tocopherol:a4fffd21f60a5470,a4fffd21f60a54705942b7931b6aa4f46bacdbacfee923c5dade8558b62f3aa1,4,tocopherol,토코페롤,Tocopherol,Tocopherol,10,0533312d2955e5e5e9810257f7042666,1a0202e37d52c72d,Cytotoxic Effect of Adriamycin in Cultured Skin Cells of Fetal Rat,"Local extravasation during intravenous administration of adriamycin (doxorubicin HCl) can cause severe skin ulceration and necrosis. To investigate the mechanism of adriamycin-induced skin toxicity, effects of adriamycin on reactive oxygen radical metabolism using cultured skin cells of fetal rat. Adriamycin produced significant release of lactic dehydrogenase from cultured skin cell preparations dose- and time-dependently. The production of superoxide anion in sonicated suspensions of cultured skin cells was significantly increased by adriamycin under the presence of NADPH and NADH. The drug also stimulated malondialdehyde (MDA) production, an index of lipid peroxidation, in NADPH- and NADH-supported cell preparations. The increased production of MDA was significantly inhibited by oxygen radical scavengers (superoxide dismutase, catalase, thiourea) and antioxidants (butylated hydroxytoluene, ${\alpha}-tocopherol$). Treatment of cultured skin cells with 1, 3,-bis (2-chloroethyl)-1-nitrosourea (BCNU), an inhibitor of glutathione reductase, enhanced the lipid peroxidation induced by adriamycin. The present study suggests that lipid peroxidation which is resulted from the stimulated production of reactive oxygen radical causes cellular damage in adriamycin-treated skin cells of rat.","이경훈,이상열,김진환,김용식,김명석,Lee, Kyeong-Hun,Lee, Sang-Yeul,Kim, Chin-Whan,Kim, Yong-Sik,Kim, Myung-Suk",대한약리학잡지,1991,https://www.riss.kr/search/detail/DetailView.do?p_mat_type=1a0202e37d52c72d&control_no=0533312d2955e5e5e9810257f7042666,2026-07-13T06:49:34Z,candidate_unverified,none,mwbl-ingredient-evidence-filter-v1.1-fresh-riss
riss:tocopherol:a4fffd21f60a5470,a4fffd21f60a54705942b7931b6aa4f46bacdbacfee923c5dade8558b62f3aa1,4,tocopherol,토코페롤,Tocopherol,Tocopherol,11,76bcf32e058f574c7ecd42904f0c5d65,1a0202e37d52c72d,In vitro skin permeation and cellular protective effects of flavonoids isolated from Suaeda asparagoides extracts,"The objective of this study was to compare astragalin (kaempferol-3-O-glucoside) isolated from Suaeda asparagoides extract with kaempferol, an aglycone of astragalin showing the anti-oxidative activity, the cellular protective effect, and skin permeability. Kaempferol was superior to (+)-a-tocopherol and Lascorbic acid known as strong antioxidants in the antioxidative activity by DPPH method and chemiluminescence assay. Astragalin and kaempferol exhibited more prominent cellular protective effect than the lipid peroxidation chain blocker, (+)-a-tocopherol. In this in vitro permeation experiment of astragalin and kaempferol through the ICR mouse skin, kaempferol permeated deeper into the skin than astragalin. These results indicate that kaempferol and astragalin can function as antioxidants in biological systems, particularly skin exposed to solar radiation, and protect cellular membranes against reactive oxygen species.","박수남,Sun Young Kim,Gyu Nam Lim,Na Rae Jo,Min Hye Lee",Journal of Industrial and Engineering Chemistry,2012,https://www.riss.kr/search/detail/DetailView.do?p_mat_type=1a0202e37d52c72d&control_no=76bcf32e058f574c7ecd42904f0c5d65,2026-07-13T06:49:34Z,candidate_unverified,none,mwbl-ingredient-evidence-filter-v1.1-fresh-riss
riss:tocopherol:a4fffd21f60a5470,a4fffd21f60a54705942b7931b6aa4f46bacdbacfee923c5dade8558b62f3aa1,4,tocopherol,토코페롤,Tocopherol,Tocopherol,12,5465c69c031c264e7ecd42904f0c5d65,1a0202e37d52c72d,In vitro skin permeation and cellular protective effects of flavonoids isolated from Suaeda asparagoides extracts,"Abstract The objective of this study was to compare astragalin (kaempferol-3-O-glucoside) isolated from Suaeda asparagoides extract with kaempferol, an aglycone of astragalin showing the anti-oxidative activity, the cellular protective effect, and skin permeability. Kaempferol was superior to (+)-α-tocopherol and L -ascorbic acid known as strong antioxidants in the antioxidative activity by DPPH method and chemiluminescence assay. Astragalin and kaempferol exhibited more prominent cellular protective effect than the lipid peroxidation chain blocker, (+)-α-tocopherol. In this in vitro permeation experiment of astragalin and kaempferol through the ICR mouse skin, kaempferol permeated deeper into the skin than astragalin. These results indicate that kaempferol and astragalin can function as antioxidants in biological systems, particularly skin exposed to solar radiation, and protect cellular membranes against reactive oxygen species.","Park, Soo Nam,Kim, Sun Young,Lim, Gyu Nam,Jo, Na Rae,Lee, Min Hye",Journal of industrial and engineering chemistry,2012,https://www.riss.kr/search/detail/DetailView.do?p_mat_type=1a0202e37d52c72d&control_no=5465c69c031c264e7ecd42904f0c5d65,2026-07-13T06:49:34Z,candidate_unverified,none,mwbl-ingredient-evidence-filter-v1.1-fresh-riss
riss:tocopherol:a4fffd21f60a5470,a4fffd21f60a54705942b7931b6aa4f46bacdbacfee923c5dade8558b62f3aa1,4,tocopherol,토코페롤,Tocopherol,Tocopherol,13,5e94b8dde4bcd543b7998d826d417196,1a0202e37d52c72d,Study on Application of Skin Care Cosmetic and Stabilization of Idebenone by Forming Niosome Vesicle Technology,"This study is to stabilize insoluble and unstable active ingredient which is Idebenone (INCI name: hydroxydecyl ubiquinone) in a multi-lamellar vesicle (MLV) and to stabilize it in the skin care cosmetics. Idebenone is good effective raw material in the treatment of Alzheimer's disease in the medical field and a powerful antioxidant in dermatology. It is well known as a substance that inhibits the formation of melanin and cleans the skin pigment. However, it did not dissolve in any solvent and it was difficult to apply in cosmetic applications. Niosome vesicle was able to develop a nano-particle by making a multi-layer of idebenone encapsulated with a nonionic surfactant, hydrogenated lecithin and glycine soja (soybean) sterols and passing it through a high pressure microfluidizer. Idebenone niosome vesicle (INV) has been developed to have the ability to dissolve transparently in water and to promote transdermal penetration. The appearance of the INV was a yellowish liquid having specific odor, and the particle size distribution of INV was about 10~80 nm. The pH was 5~8 (mean=6.8). This capsulation with idebenone was stored in a $45^{\circ}C$ incubator for 3 months and its stability was observed and quantitatively measured by HPLC. As a result, the stability of the sample encapsulated in the niosome vesicle (97.5%) was about 66.3% higher than that of the non-capsule sample of 32.5%. Idebenone 1% INV was used for the efficacy test and clinical trial evaluation as follows. The anti-oxidative activity of INV was 38.2%, which was superior to that of 12.8% tocopherol (control). The melanin-reducing effect of B16 melanoma cells was better than INV (17.4%) and Albutin (control) (9.6%). Pro-collagen synthesis rate was 128.2% for INV and 89.3% for tocopherol (control). The skin moisturizing effect was 15.5% better than the placebo sample. The elasticity effect was 9.7% better than the placebo sample. As an application field, INV containing 1% of idebenone is expected to be able to develop various functional cosmetic formulations such as skin toner, ampoule essence, cream, eye cream and sunblock cream. In addition, it is expected that this encapsulated material will be widely applicable to emulsifying agents for skin use in the pharmaceutical industry as well as the cosmetics industry.","Kim, In-Young",한국응용과학기술학회지,2019,https://www.riss.kr/search/detail/DetailView.do?p_mat_type=1a0202e37d52c72d&control_no=5e94b8dde4bcd543b7998d826d417196,2026-07-13T06:49:34Z,candidate_unverified,none,mwbl-ingredient-evidence-filter-v1.1-fresh-riss
riss:tocopherol:a4fffd21f60a5470,a4fffd21f60a54705942b7931b6aa4f46bacdbacfee923c5dade8558b62f3aa1,4,tocopherol,토코페롤,Tocopherol,Tocopherol,14,775d8d72823d364f47de9c1710b0298d,1a0202e37d52c72d,Study on Application of Skin Care Cosmetic and Stabilization of Idebenone by Forming Niosome Vesicle Technology,"This study is to stabilize insoluble and unstable active ingredient which is Idebenone (INCI name: hydroxydecyl ubiquinone) in a multi-lamellar vesicle (MLV) and to stabilize it in the skin care cosmetics. Idebenone is good effective raw material in the treatment of Alzheimer's disease in the medical field and a powerful antioxidant in dermatology. It is well known as a substance that inhibits the formation of melanin and cleans the skin pigment. However, it did not dissolve in any solvent and it was difficult to apply in cosmetic applications. Niosome vesicle was able to develop a nano-particle by making a multi-layer of idebenone encapsulated with a nonionic surfactant, hydrogenated lecithin and glycine soja (soybean) sterols and passing it through a high pressure microfluidizer. Idebenone niosome vesicle (INV) has been developed to have the ability to dissolve transparently in water and to promote transdermal penetration. The appearance of the INV was a yellowish liquid having specific odor, and the particle size distribution of INV was about 10~80 nm. The pH was 5~8 (mean=6.8). This capsulation with idebenone was stored in a 45°C incubator for 3 months and its stability was observed and quantitatively measured by HPLC. As a result, the stability of the sample encapsulated in the niosome vesicle (97.5%) was about 66.3% higher than that of the non-capsule sample of 32.5%. Idebenone 1% INV was used for the efficacy test and clinical trial evaluation as follows. The anti-oxidative activity of INV was 38.2%, which was superior to that of 12.8% tocopherol (control). The melanin-reducing effect of B16 melanoma cells was better than INV (17.4%) and Albutin (control) (9.6%). Pro-collagen synthesis rate was 128.2% for INV and 89.3% for tocopherol (control). The skin moisturizing effect was 15.5% better than the placebo sample. The elasticity effect was 9.7% better than the placebo sample. As an application field, INV containing 1% of idebenone is expected to be able to develop various functional cosmetic formulations such as skin toner, ampoule essence, cream, eye cream and sunblock cream. In addition, it is expected that this encapsulated material will be widely applicable to emulsifying agents for skin use in the pharmaceutical industry as well as the cosmetics industry.",In-Young Kim,한국응용과학기술학회지,2019,https://www.riss.kr/search/detail/DetailView.do?p_mat_type=1a0202e37d52c72d&control_no=775d8d72823d364f47de9c1710b0298d,2026-07-13T06:49:34Z,candidate_unverified,none,mwbl-ingredient-evidence-filter-v1.1-fresh-riss
riss:tocopherol:a4fffd21f60a5470,a4fffd21f60a54705942b7931b6aa4f46bacdbacfee923c5dade8558b62f3aa1,4,tocopherol,토코페롤,Tocopherol,Tocopherol,15,e57473aa82f0bef2b36097776a77e665,1a0202e37d52c72d,Study on Application of Skin Care Cosmetic and Stabilization of Idebenone by Forming Niosome Vesicle Technology,"This study is to stabilize insoluble and unstable active ingredient which is Idebenone (INCI name: hydroxydecyl ubiquinone) in a multi-lamellar vesicle (MLV) and to stabilize it in the skin care cosmetics. Idebenone is good effective raw material in the treatment of Alzheimer's disease in the medical field and a powerful antioxidant in dermatology. It is well known as a substance that inhibits the formation of melanin and cleans the skin pigment. However, it did not dissolve in any solvent and it was difficult to apply in cosmetic applications. Niosome vesicle was able to develop a nano-particle by making a multi-layer of idebenone encapsulated with a nonionic surfactant, hydrogenated lecithin and glycine soja (soybean) sterols and passing it through a high pressure microfluidizer. Idebenone niosome vesicle (INV) has been developed to have the ability to dissolve transparently in water and to promote transdermal penetration. The appearance of the INV was a yellowish liquid having specific odor, and the particle size distribution of INV was about 10~80 nm. The pH was 5~8 (mean=6.8). This capsulation with idebenone was stored in a 45°C incubator for 3 months and its stability was observed and quantitatively measured by HPLC. As a result, the stability of the sample encapsulated in the niosome vesicle (97.5%) was about 66.3% higher than that of the non-capsule sample of 32.5%. Idebenone 1% INV was used for the efficacy test and clinical trial evaluation as follows. The anti-oxidative activity of INV was 38.2%, which was superior to that of 12.8% tocopherol (control). The melanin-reducing effect of B16 melanoma cells was better than INV (17.4%) and Albutin (control) (9.6%). Pro-collagen synthesis rate was 128.2% for INV and 89.3% for tocopherol (control). The skin moisturizing effect was 15.5% better than the placebo sample. The elasticity effect was 9.7% better than the placebo sample. As an application field, INV containing 1% of idebenone is expected to be able to develop various functional cosmetic formulations such as skin toner, ampoule essence, cream, eye cream and sunblock cream. In addition, it is expected that this encapsulated material will be widely applicable to emulsifying agents for skin use in the pharmaceutical industry as well as the cosmetics industry.",김인영,한국응용과학기술학회지,2019,https://www.riss.kr/search/detail/DetailView.do?p_mat_type=1a0202e37d52c72d&control_no=e57473aa82f0bef2b36097776a77e665,2026-07-13T06:49:34Z,candidate_unverified,none,mwbl-ingredient-evidence-filter-v1.1-fresh-riss
riss:tocopherol:a4fffd21f60a5470,a4fffd21f60a54705942b7931b6aa4f46bacdbacfee923c5dade8558b62f3aa1,4,tocopherol,토코페롤,Tocopherol,Tocopherol,16,d6ba0eee01cdef157f7a54760bb41745,1a0202e37d52c72d,Alpha-Tocopherol-Loaded Liposomes Reduce High Glucose Induced Oxidative Stress in Schwann Cells: A Proof of Concept Study,"Although oxidative stress is the main pathophysiology of the development of diabetic neuropathy, oral administration of antioxidants has given disappointing results. Here, we hypothesized that local delivery of antioxidants would provide protective effects on Schwann cells due to the high concentration of local lesions. We prepared alpha-tocopherol (ATF)-loaded liposomes and tested their skin penetration after sonication. An in vitro study using IMS-32 cells was conducted to determine the level of reactive oxygen species (ROS) scavenging effects of ATF-liposomes. ATF reduced ROS in high-glucose-exposed IMS-32 cells in a dosedependent manner. ATF-liposomes also reduced the ROS level in vitro and ultrasound irradiation enhanced delivery to the dermis in porcine ear skin. This study showed that it is feasible to deliver ATF through the skin and can effectively reduce ROS. This model is worthy of development for clinical use.","Heo Jee-In,Kim Mi Jeong,Kim Daehyun,Seo Jimin,Moon Joon Ho,Choi Sung Hee,이학종,오태정",Diabetes and Metabolism Journal,2025,https://www.riss.kr/search/detail/DetailView.do?p_mat_type=1a0202e37d52c72d&control_no=d6ba0eee01cdef157f7a54760bb41745,2026-07-13T06:49:34Z,candidate_unverified,none,mwbl-ingredient-evidence-filter-v1.1-fresh-riss
riss:tocopherol:a4fffd21f60a5470,a4fffd21f60a54705942b7931b6aa4f46bacdbacfee923c5dade8558b62f3aa1,4,tocopherol,토코페롤,Tocopherol,Tocopherol,17,e802cff8f5d845c8,1a0202e37d52c72d,기니픽에서 α- Tocopherol과 β - Carotene의 UVB에 대한 광보호 작용에 관한 연구,"The mechanism responsible for the formation of sunburn cells in mammalian skin is unknown. However it is suggested that the reactive free radicals and oxygen species generated by UV radiation are causing oxidative reactions in certain keratinocytes that are manifestated in the form of dyskeratotic cells and free radical scavengers such as a-tocopherol acetate or p-carotene were thought to be photoprotective against sunburn radiation. In the present study, we evaluated the effect of single and multiple applications of n-tocopherol acetate(a-TCA) and p-carotene on the formation of sunburn cells. We also determined the effect of these two antioxidants on the sunburn reartion by UVB irradiation. The results were as follows: 1. Both a-tocopheroJ acetate and p-carotene were photoprotective and prevented the formation of sunburn cells and sunburn reaction. 2. Topical p-carotene was less photoprotective than u-tocopherol acetate. 3. Topical use of a-tocopherol acetate and p-carotene in dose range exceeding 1,000 pgcm could provide photoprotective effect if the UVB exposure doses were less than 300 mJ/cm'( 3 MED) (Kor J Dermstol 28(4): 425 433, 1990)","김상태(Sang Tae Kim),서기석(Kee Suck Suh),채영수(Young Soo Chae)",대한피부과학회지,1990,https://www.riss.kr/search/detail/DetailView.do?p_mat_type=1a0202e37d52c72d&control_no=e802cff8f5d845c8,2026-07-13T06:49:34Z,candidate_unverified,none,mwbl-ingredient-evidence-filter-v1.1-fresh-riss
riss:tocopherol:a4fffd21f60a5470,a4fffd21f60a54705942b7931b6aa4f46bacdbacfee923c5dade8558b62f3aa1,4,tocopherol,토코페롤,Tocopherol,Tocopherol,18,7d53b881061237d3,1a0202e37d52c72d,양파껍질 추출물의 항산화 및 상승효과,"The antioxidant and synergistic effect of methanol extracts of onion skin were investigated by measuring peroxide value. The inhibitory effects of the extracts against metal catalyzed oxidation were also studied. The antioxidant activity of methanol extract (0.02%) of onion skin was stronger than that of mixed tocopherol or ascorbic acid (0.02%), but weaker than that of BHT (0.02%). However, the methanol extract at the concentration of 0.04% exhibited strong antioxidant effect, comparable to that of BHT (0.02%). The methanol extract showed very strong synergistic effect with the mixed tocopherol. The methanol extracts at the concentration of 0.03% and 0.04% acted as metal deactivator in the presence of FeCl₃. As a metal deactivator, methanol extract of onion skin appeared to be more effective than citric acid.","손종연,손흥수,조원대 ( Jong Youn Son,Hung Soo Son,Won Dai Cho )",한국식품조리과학회지,1998,https://www.riss.kr/search/detail/DetailView.do?p_mat_type=1a0202e37d52c72d&control_no=7d53b881061237d3,2026-07-13T06:49:34Z,candidate_unverified,none,mwbl-ingredient-evidence-filter-v1.1-fresh-riss
riss:tocopherol:a4fffd21f60a5470,a4fffd21f60a54705942b7931b6aa4f46bacdbacfee923c5dade8558b62f3aa1,4,tocopherol,토코페롤,Tocopherol,Tocopherol,19,fa440fca7e04de0d4884a65323211ff0,1a0202e37d52c72d,락토바실러스 람노서스 발효 울금겔이 항산화·보습에 미치는 영향,"Turmeric, the powdered rhizome of the plant Curcuma longa Linne, belong to the family of Zingiberaceae and is widely used as a food addititive, condiment, and household medicine. It is composed of curcuminoids, essential oil, sugars, oleoresin, and other compounds. The curcumin, yellow phenolic compound, and turmeric oil, terpenoid are the major constituents in turmeric. They possess antiinflammatory and antioxidant properties. Therefore, they are used in pharmacerutical and cosmetic applications. In cosmetic applications, poor aqueous solubility and instability of constituents of turmeric cause problems in formulation and stability. The rest of organic solvent used for extraction of phytochemicals (curcumin, turmeric oil, etc.) in turmeric, can irritate skin and cause contact dermatitis. We reserched an extraction method by Lactobacillus rhamnosus IDCC 3201 mixed fermentation and developed a turmericgel (TG) as fermentative humectant. Antioxidant in vitro studies, a turmericgel showed an efficacy on par with α-tocopherol (positive control) in reducing free radicals. Also, in vivo studies, a turmericgel showed an efficacy on 1% hyaluronic acid (positive control) in moisturizing effect. Especially, turmericgel, produced by multi-step filtration method without organic solvent, isn`t irritate the skin. Through L. rhamnosus IDCC 3201 mixed fermentation, we found that its product is formed oily-gel. On the other hand, when turmeric is extracted by organic solvent, there is not form oily-gel product. In this study, the results suggest that a turmericgel may be 3-in-1 multifunctional humectant without side effects.","이승훈 ( Seung-hun Lee ),조영재 ( Young-jae Cho ),강상모 ( Sang-mo Kang )",한국미용학회지,2017,https://www.riss.kr/search/detail/DetailView.do?p_mat_type=1a0202e37d52c72d&control_no=fa440fca7e04de0d4884a65323211ff0,2026-07-13T06:49:34Z,candidate_unverified,none,mwbl-ingredient-evidence-filter-v1.1-fresh-riss
riss:tocopherol:a4fffd21f60a5470,a4fffd21f60a54705942b7931b6aa4f46bacdbacfee923c5dade8558b62f3aa1,4,tocopherol,토코페롤,Tocopherol,Tocopherol,20,c041a74ab4bcb40d47de9c1710b0298d,1a0202e37d52c72d,여대생들의 피부유형에 따른 식이섭취 실태조사 및 혈장 생화학적 성분분석,"This study was done to investigate the nutrient intakes and plasma biochemcial indices in 68 female college students according to their skin types. Nutrient intakes were investigated by quick estimation. The plasma TG and total cholesterol levels were measured by the Spotchem sp-4410. The plasma levels of retinol and $\alpha$-tocopherol were measured by HPLC. In addition, the activities of antioxidant defense enzymes such as plasma glutathione peroxidase(GSH-Px) and glutathione reductase(GHS-Rd) were determined. All data were statistically analyzed by SAS PC package program. The results of this study were as follows: The average age, height, weight, BMI, systolic blood pressure and diastolic blood pressure ofthe subjects were $20.9{\pm}1.9yr, 160.7{\pm}4.3cm, 53.0{\pm}7.1kg, 20.5{\pm}2.4kg/m^2, 105.3{\pm}11.5mmHg and 70.6{\pm}7.7mmHg$, respectively. Ten students(14.7%) had normal skin type, 19 students(27.9%) had dry skin type, 11 students(16.2%) had oily skin type, 17 students(25.0%) had acne and 11 students(16.2%) had mixed skin type. The intakes of energy and fats in oily skin group were significantly higher(p<0.05) than those of the dry skin group, but vitamin C intake in the mixed skin group was significantly higher(p<0.05) than those of the dry skin group, but vitamin C intake in the mixed skin group was significantly lower(p<0.05) than that in other skin types. The intakes of other nutrients were not significantly different among skin types. The analysis of lipids showed that the plasma total-cholesterol level of mixed skin group was significantly lower(p<0.05) than that of the oily skin group, whereas other lipid levels were not significantly different. The other parameters such as retinol, $\alpha$-tocopherol, GSH-Px and GSH-Rd of plasma were not significantly different among skin types. Overall results indicate that dietary intake pattern may influence skin type and thereby some blood biochemical indices can be different by skin types.","김정희,정원정",대한지역사회영양학회지,1999,https://www.riss.kr/search/detail/DetailView.do?p_mat_type=1a0202e37d52c72d&control_no=c041a74ab4bcb40d47de9c1710b0298d,2026-07-13T06:49:34Z,candidate_unverified,none,mwbl-ingredient-evidence-filter-v1.1-fresh-riss
riss:ethylhexylglycerin:1e8328940512d888,1e8328940512d8889e1ce391074b99775b46280889a51067e7d06c800eb11c4a,5,ethylhexylglycerin,에틸헥실글리세린,Ethylhexylglycerin,Ethylhexylglycerin,1,955565745103997d7ecd42904f0c5d65,1a0202e37d52c72d,화장품속 방부성분이 피부미생물에 미치는 영향 조사,"The effect of antimicrobials contained in cosmetics on skin microbials was investigated. Volunteers were in their twenties and put on skincare and makeup as usual. We took the microbials from their forehead, index finger, and middle finger and cultured them for two days. The cosmetics used by the volunteers had a total of 18 antimicrobials and 2-3 antimicrobials for each cosmetic. Result of the culture showed that the group that used cosmetics showed less microbial propagation than the group that did not use cosmetics; however, the difference in microbial propagation was little. 1,2-hexanediol showed less antimicrobial activity on skin than phenoxyethanol did.",이정노(Jungno Lee),산업기술연구논문지 (JITR),2021,https://www.riss.kr/search/detail/DetailView.do?p_mat_type=1a0202e37d52c72d&control_no=955565745103997d7ecd42904f0c5d65,2026-07-13T06:50:09Z,candidate_unverified,none,mwbl-ingredient-evidence-filter-v1.1-fresh-riss
riss:ethylhexylglycerin:1e8328940512d888,1e8328940512d8889e1ce391074b99775b46280889a51067e7d06c800eb11c4a,5,ethylhexylglycerin,에틸헥실글리세린,Ethylhexylglycerin,Ethylhexylglycerin,2,0dd39beda411dfac6aae8a972f9116fb,1a0202e37d52c72d,A Study on the Antimicrobial Synergies of Alternative Preservatives and Chelating Agents,"목적: 화장품은 보존제의 사용을 줄이기 위해서 피부 컨디셔닝제이면서 항균효과가 있는 대체 보존제를 사용한다. 본 연구에서는 화장품에서 대체 보존제로 사용되고 있는 1,2-hexanediol, ethylhexylglycerin, caprylyl glycol을 대상으로 킬레이트제에 따른 항 균 시너지 효과를 확인하였다. 방법: 그람 양성균, 그람 음성균 및 효모균에 대하여 항균력의 변화를 확인하고자 하였다. 단독으로 사용시 minimum inhibitory concentration (MIC)와 minimum bactericidal concentration (MBC)를 확인하였고, 대체 보존제와 킬 레이트제를 조합하여 checkerboard assay를 통해 시너지 효과를 확인하였다. 결과: MIC와 MBC 결과는 대체 보존제가 2% 이하 의 농도에서 모든 균주(S.aureus, E.coli, C.albicans)에 대해 항균효과가 있음을 나타냈다. 킬레이트제는 S.aureus에서 disodium EDTA 0.06%, tetrasodium EDTA 0.03%로 뛰어난 MIC 결과를 보였고, tetrasodium EDTA 0.25%로 비교적 높은 MBC 결과를 나 타내었다. Checkerboard assay 결과는 모든 균주에서 시너지 효과가 나타났으며, ethylhexylglycerin과 tetrasodium EDTA 조합이 ethylhexylglycerin 단독으로 사용할 때보다 2-25배 낮은 농도로 모든 균주를 제어하기에 용이하다고 판단되었다. 결론: 대체 보존 제 3종과 킬레이트제 6종 조합의 항균 시너지 효과가 있음을 확인하였다. 대체 보존제와 적절한 킬레이트제를 선택적으로 사용함으 로써 대체 보존제 사용량을 감소시켜 피부자극 및 안정성 부분에 있어서 화장품 산업에 응용할 수 있을 것으로 기대다된. Purpose: To minimize the use of preservatives in cosmetics, the cosmetic industry has attempted to use alternative preservatives that can function as skin conditioning agents and possess antimicrobial effects. In this study, the antimicrobial synergistic effects of 1,2-hexanediol, ethylhexylglycerin, and caprylyl glycol, which are used as alternative preservatives in cosmetics, with various chelating agents were investigated. Methods: Changes in the antimicrobial activity of the preservatives against gram-positive bacteria, gram-negative bacteria, and yeast were examined. The minimum inhibitory concentrations (MIC) and minimum bactericidal concentrations (MBC) of these agents when used alone were confirmed, and the synergistic effects were confirmed by combining alternative preservatives and chelating agents through a checkerboard assay. Results: The MIC and MBC results confirmed the antimicrobial effects exerted by the alternative preservatives on all strains (Staphylococcus aureus, Escherichia coli, and Candida albicans) at concentrations of ≤2%. The chelating agent exhibited excellent MIC results with 0.06% disodium EDTA and 0.03% tetrasodium EDTA in S.aureus and a relatively high MBC was observed with tetrasodium EDTA 0.25%. The checkerboard assay results demonstrated a synergistic effect against all strains, and the combination of ethylhexylglycerin and tetrasodium EDTA was determined to be easy to control all strains at concentrations that were 2–25 times lower than that of ethylhexylglycerin alone. Conclusion: Antimicrobial synergistic effects were confirmed for combinations of three alternative preservatives and six chelating agents. The selective use of alternative preservatives and appropriate chelating agents can reduce the amount of alternative preservatives used which could benefit the cosmetic industry in terms of reducing skin irritation and stability.","Min Seok Sim,Hyun Gab Yang,Ju Kyeong Lee,Sol Bee Baek,Bong Jun Kim,Yeong Jin Choi,Hang Eui Cho",아시안뷰티화장품학술지,2024,https://www.riss.kr/search/detail/DetailView.do?p_mat_type=1a0202e37d52c72d&control_no=0dd39beda411dfac6aae8a972f9116fb,2026-07-13T06:50:09Z,candidate_unverified,none,mwbl-ingredient-evidence-filter-v1.1-fresh-riss
riss:ethylhexylglycerin:1e8328940512d888,1e8328940512d8889e1ce391074b99775b46280889a51067e7d06c800eb11c4a,5,ethylhexylglycerin,에틸헥실글리세린,Ethylhexylglycerin,Ethylhexylglycerin,3,d3eed73f51f1829d4884a65323211ff0,1a0202e37d52c72d,"화장품에서 1,3-부틸렌 글라이콜 및 알칸디올계 조성에 따른 방부력에 관한 연구","In recent years, parabens used as preservatives in cosmetics have become a problem of human safety. Therefore, in this study, we tried to evaluate the preservative efficacy of 1,3-butylene glycol, 1,2-hexanediol, and 1,2-pentanediol as a preservative system to replace parabens. 1,3-Butylene glycol was added to cosmetic creams at a concentration of between 5 and 25%. The preservative efficacy of 1,3-butylene glycol was determined using a M-3 challenge test, as recommended by the Personal Care Products Council (formally CTFA). The alkane diols, such as 1,2-hexanediol and 1,2-pentanediol, were assessed in a similar manner. An evaluation of the preservative efficacy of 1,3-butylene glycol revealed that it was effective against all tested microbial strains at a concentration of 25%. We also investigated the efficacy of combinations of 0.3% phenoxyethanol and 0.1% ethylhexylglycerin. Finally, we tested the alkane diols, including 1,2-hexanediol and 1,2-pentanediol, as an alternative to the preservative 0.3% phenoxyethanol. Both 1% 1,2-hexanediol and 1% 1,2-pentanediol demonstrated preservative efficacy. Taken together, our study demonstrated that the formulation of 25% 1,3-butylene glycol and 0.1% ethylhexylglycerin, 1% 1,2-hexanediol, and 1% 1,2-pentanediol had the best preservative efficacy of the compositions tested. Thus, this study suggests that the formulation is a possibility of substituting parabens preservatives, which has been used in cosmetics and has become a safety issue.","서지영 ( Ji Young Suh ),윤믿음 ( Mid Eum Yun ),이예슬 ( Ye Seul Lee ),현송화 ( Song Hua Xuan ),박동순 ( Dong Soon Park ),박수남 ( Soo Nam Park )",대한화장품학회지,2018,https://www.riss.kr/search/detail/DetailView.do?p_mat_type=1a0202e37d52c72d&control_no=d3eed73f51f1829d4884a65323211ff0,2026-07-13T06:50:09Z,candidate_unverified,none,mwbl-ingredient-evidence-filter-v1.1-fresh-riss
riss:ethylhexylglycerin:1e8328940512d888,1e8328940512d8889e1ce391074b99775b46280889a51067e7d06c800eb11c4a,5,ethylhexylglycerin,에틸헥실글리세린,Ethylhexylglycerin,Ethylhexylglycerin,4,4201de0ed14e7071b36097776a77e665,1a0202e37d52c72d,화장품 성분들의 세균에 대한 항균 시너지 효과 연구,"In this study, 1,2-hexanediol, ethylhexylglycerin, and glyceryl caprylate known as skin conditioning agents with antimicrobial activity in cosmetics were investigated for their antimicrobial activity against gram-positive and gram-negative bacteria when combining them with various ingredients in cosmetic formulations. Seven kinds of substances expected to improve the antibacterial activity in formulations were selected to blend with these three compounds.; 1,3-propanediol, 1,3-butanediol, glycerin, dipropylene glycol, niacinamide, EDTA-2Na, and ethanol. The checkerboard assay was conducted to confirm the antibacterial synergy of these seven substances and the three skin conditioning agents. Consequently, ethanol and EDTA-2Na were detected as the significant materials with synergistic effect as well as ethanol showed antibacterial synergy with all the three compounds. When seven of selected materials were mixed with glyceryl caprylate, there were synergistic or additive activity against S. aureus, gram-positive bacteria and it was suggested that the combination with 1,2-hexanediol and glyceryl caprylate was useful to control both gram-positive and gram-negative bacteria when there were four kinds of polyols. This study is meaningful in that it confirmed the antibacterial synergy of the skin conditioning agents with antimicrobial activity and the main raw materials frequently used in cosmetics, thereby contributing to prediction of the antibacterial activity of the skin conditioning agents in cosmetic formulations.","김소희 ( So-hee Kim ),윤유나 ( Yuna Yun ),안수선 ( Susun An )",대한화장품학회지,2018,https://www.riss.kr/search/detail/DetailView.do?p_mat_type=1a0202e37d52c72d&control_no=4201de0ed14e7071b36097776a77e665,2026-07-13T06:50:09Z,candidate_unverified,none,mwbl-ingredient-evidence-filter-v1.1-fresh-riss
